"LOCATION","INDICATOR","SUBJECT","MEASURE","FREQUENCY","TIME","Value","Flag Codes"
"AUS","LIFEEXP","TOT","YR","A","1980",74.6,
"AUS","LIFEEXP","TOT","YR","A","1981",74.9,
"AUS","LIFEEXP","TOT","YR","A","1982",74.7,
"AUS","LIFEEXP","TOT","YR","A","1983",75.5,
"AUS","LIFEEXP","TOT","YR","A","1984",75.8,
"AUS","LIFEEXP","TOT","YR","A","1985",75.6,
"AUS","LIFEEXP","TOT","YR","A","1986",76.1,
"AUS","LIFEEXP","TOT","YR","A","1987",76.3,
"AUS","LIFEEXP","TOT","YR","A","1988",76.3,
"AUS","LIFEEXP","TOT","YR","A","1989",76.5,
"AUS","LIFEEXP","TOT","YR","A","1990",77,
"AUS","LIFEEXP","TOT","YR","A","1991",77.4,
"AUS","LIFEEXP","TOT","YR","A","1992",77.5,
"AUS","LIFEEXP","TOT","YR","A","1993",78,
"AUS","LIFEEXP","TOT","YR","A","1994",78,
"AUS","LIFEEXP","TOT","YR","A","1995",77.9,
"AUS","LIFEEXP","TOT","YR","A","1996",78.2,
"AUS","LIFEEXP","TOT","YR","A","1997",78.5,
"AUS","LIFEEXP","TOT","YR","A","1998",78.7,
"AUS","LIFEEXP","TOT","YR","A","1999",79,
"AUS","LIFEEXP","TOT","YR","A","2000",79.3,
"AUS","LIFEEXP","TOT","YR","A","2001",79.7,
"AUS","LIFEEXP","TOT","YR","A","2002",80,
"AUS","LIFEEXP","TOT","YR","A","2003",80.3,
"AUS","LIFEEXP","TOT","YR","A","2004",80.6,
"AUS","LIFEEXP","TOT","YR","A","2005",80.9,
"AUS","LIFEEXP","TOT","YR","A","2006",81.1,
"AUS","LIFEEXP","TOT","YR","A","2007",81.4,
"AUS","LIFEEXP","TOT","YR","A","2008",81.5,
"AUS","LIFEEXP","TOT","YR","A","2009",81.6,
"AUS","LIFEEXP","TOT","YR","A","2010",81.8,
"AUS","LIFEEXP","TOT","YR","A","2011",82,
"AUS","LIFEEXP","TOT","YR","A","2012",82.1,
"AUS","LIFEEXP","TOT","YR","A","2013",82.2,
"AUS","LIFEEXP","TOT","YR","A","2014",82.4,
"AUS","LIFEEXP","TOT","YR","A","2015",82.5,
"AUS","LIFEEXP","TOT","YR","A","2016",82.5,
"AUS","LIFEEXP","TOT","YR","A","2017",82.6,
"AUS","LIFEEXP","TOT","YR","A","2018",82.8,
"AUT","LIFEEXP","TOT","YR","A","1980",72.6,
"AUT","LIFEEXP","TOT","YR","A","1981",72.9,
"AUT","LIFEEXP","TOT","YR","A","1982",73.1,
"AUT","LIFEEXP","TOT","YR","A","1983",73.1,
"AUT","LIFEEXP","TOT","YR","A","1984",73.7,
"AUT","LIFEEXP","TOT","YR","A","1985",73.9,
"AUT","LIFEEXP","TOT","YR","A","1986",74.4,
"AUT","LIFEEXP","TOT","YR","A","1987",74.9,
"AUT","LIFEEXP","TOT","YR","A","1988",75.3,
"AUT","LIFEEXP","TOT","YR","A","1989",75.4,
"AUT","LIFEEXP","TOT","YR","A","1990",75.7,
"AUT","LIFEEXP","TOT","YR","A","1991",75.7,
"AUT","LIFEEXP","TOT","YR","A","1992",75.9,
"AUT","LIFEEXP","TOT","YR","A","1993",76.2,
"AUT","LIFEEXP","TOT","YR","A","1994",76.5,
"AUT","LIFEEXP","TOT","YR","A","1995",76.8,
"AUT","LIFEEXP","TOT","YR","A","1996",77,
"AUT","LIFEEXP","TOT","YR","A","1997",77.4,
"AUT","LIFEEXP","TOT","YR","A","1998",77.8,
"AUT","LIFEEXP","TOT","YR","A","1999",78,
"AUT","LIFEEXP","TOT","YR","A","2000",78.2,
"AUT","LIFEEXP","TOT","YR","A","2001",78.7,
"AUT","LIFEEXP","TOT","YR","A","2002",78.8,
"AUT","LIFEEXP","TOT","YR","A","2003",78.7,
"AUT","LIFEEXP","TOT","YR","A","2004",79.3,
"AUT","LIFEEXP","TOT","YR","A","2005",79.4,
"AUT","LIFEEXP","TOT","YR","A","2006",80,
"AUT","LIFEEXP","TOT","YR","A","2007",80.3,
"AUT","LIFEEXP","TOT","YR","A","2008",80.5,
"AUT","LIFEEXP","TOT","YR","A","2009",80.4,
"AUT","LIFEEXP","TOT","YR","A","2010",80.7,
"AUT","LIFEEXP","TOT","YR","A","2011",81.1,
"AUT","LIFEEXP","TOT","YR","A","2012",81,
"AUT","LIFEEXP","TOT","YR","A","2013",81.2,
"AUT","LIFEEXP","TOT","YR","A","2014",81.6,
"AUT","LIFEEXP","TOT","YR","A","2015",81.3,
"AUT","LIFEEXP","TOT","YR","A","2016",81.7,
"AUT","LIFEEXP","TOT","YR","A","2017",81.7,
"AUT","LIFEEXP","TOT","YR","A","2018",81.8,
"BEL","LIFEEXP","TOT","YR","A","1980",73.3,
"BEL","LIFEEXP","TOT","YR","A","1981",73.7,
"BEL","LIFEEXP","TOT","YR","A","1982",74,
"BEL","LIFEEXP","TOT","YR","A","1983",74,
"BEL","LIFEEXP","TOT","YR","A","1984",74.5,
"BEL","LIFEEXP","TOT","YR","A","1985",74.6,
"BEL","LIFEEXP","TOT","YR","A","1986",74.8,
"BEL","LIFEEXP","TOT","YR","A","1987",75.5,
"BEL","LIFEEXP","TOT","YR","A","1988",75.7,
"BEL","LIFEEXP","TOT","YR","A","1989",75.7,
"BEL","LIFEEXP","TOT","YR","A","1990",76.1,
"BEL","LIFEEXP","TOT","YR","A","1991",76.3,
"BEL","LIFEEXP","TOT","YR","A","1992",76.5,
"BEL","LIFEEXP","TOT","YR","A","1993",76.5,
"BEL","LIFEEXP","TOT","YR","A","1994",76.8,
"BEL","LIFEEXP","TOT","YR","A","1995",77,
"BEL","LIFEEXP","TOT","YR","A","1996",77.3,
"BEL","LIFEEXP","TOT","YR","A","1997",77.5,
"BEL","LIFEEXP","TOT","YR","A","1998",77.6,
"BEL","LIFEEXP","TOT","YR","A","1999",77.7,
"BEL","LIFEEXP","TOT","YR","A","2000",77.8,
"BEL","LIFEEXP","TOT","YR","A","2001",78.1,
"BEL","LIFEEXP","TOT","YR","A","2002",78.2,
"BEL","LIFEEXP","TOT","YR","A","2003",78.2,
"BEL","LIFEEXP","TOT","YR","A","2004",79,
"BEL","LIFEEXP","TOT","YR","A","2005",79.1,
"BEL","LIFEEXP","TOT","YR","A","2006",79.5,
"BEL","LIFEEXP","TOT","YR","A","2007",79.9,
"BEL","LIFEEXP","TOT","YR","A","2008",79.8,
"BEL","LIFEEXP","TOT","YR","A","2009",80.1,
"BEL","LIFEEXP","TOT","YR","A","2010",80.3,
"BEL","LIFEEXP","TOT","YR","A","2011",80.7,"B"
"BEL","LIFEEXP","TOT","YR","A","2012",80.5,
"BEL","LIFEEXP","TOT","YR","A","2013",80.7,
"BEL","LIFEEXP","TOT","YR","A","2014",81.4,
"BEL","LIFEEXP","TOT","YR","A","2015",81.1,
"BEL","LIFEEXP","TOT","YR","A","2016",81.5,
"BEL","LIFEEXP","TOT","YR","A","2017",81.6,
"BEL","LIFEEXP","TOT","YR","A","2018",81.7,
"CAN","LIFEEXP","TOT","YR","A","1980",75.3,
"CAN","LIFEEXP","TOT","YR","A","1981",75.5,
"CAN","LIFEEXP","TOT","YR","A","1982",75.6,"B"
"CAN","LIFEEXP","TOT","YR","A","1983",75.9,
"CAN","LIFEEXP","TOT","YR","A","1984",76.2,
"CAN","LIFEEXP","TOT","YR","A","1985",76.3,
"CAN","LIFEEXP","TOT","YR","A","1986",76.5,
"CAN","LIFEEXP","TOT","YR","A","1987",76.6,
"CAN","LIFEEXP","TOT","YR","A","1988",76.8,
"CAN","LIFEEXP","TOT","YR","A","1989",77,
"CAN","LIFEEXP","TOT","YR","A","1990",77.2,
"CAN","LIFEEXP","TOT","YR","A","1991",77.5,
"CAN","LIFEEXP","TOT","YR","A","1992",77.7,
"CAN","LIFEEXP","TOT","YR","A","1993",77.8,
"CAN","LIFEEXP","TOT","YR","A","1994",77.9,
"CAN","LIFEEXP","TOT","YR","A","1995",77.9,
"CAN","LIFEEXP","TOT","YR","A","1996",78.1,
"CAN","LIFEEXP","TOT","YR","A","1997",78.3,
"CAN","LIFEEXP","TOT","YR","A","1998",78.5,
"CAN","LIFEEXP","TOT","YR","A","1999",78.7,
"CAN","LIFEEXP","TOT","YR","A","2000",79,
"CAN","LIFEEXP","TOT","YR","A","2001",79.2,
"CAN","LIFEEXP","TOT","YR","A","2002",79.4,
"CAN","LIFEEXP","TOT","YR","A","2003",79.6,
"CAN","LIFEEXP","TOT","YR","A","2004",79.8,
"CAN","LIFEEXP","TOT","YR","A","2005",80,
"CAN","LIFEEXP","TOT","YR","A","2006",80.3,
"CAN","LIFEEXP","TOT","YR","A","2007",80.4,
"CAN","LIFEEXP","TOT","YR","A","2008",80.6,
"CAN","LIFEEXP","TOT","YR","A","2009",80.8,
"CAN","LIFEEXP","TOT","YR","A","2010",81.1,
"CAN","LIFEEXP","TOT","YR","A","2011",81.3,
"CAN","LIFEEXP","TOT","YR","A","2012",81.5,
"CAN","LIFEEXP","TOT","YR","A","2013",81.7,
"CAN","LIFEEXP","TOT","YR","A","2014",81.8,
"CAN","LIFEEXP","TOT","YR","A","2015",81.9,
"CAN","LIFEEXP","TOT","YR","A","2016",82,
"CAN","LIFEEXP","TOT","YR","A","2017",82,
"CAN","LIFEEXP","TOT","YR","A","2018",82,
"CZE","LIFEEXP","TOT","YR","A","1980",70.5,
"CZE","LIFEEXP","TOT","YR","A","1981",70.8,
"CZE","LIFEEXP","TOT","YR","A","1982",70.9,
"CZE","LIFEEXP","TOT","YR","A","1983",70.8,
"CZE","LIFEEXP","TOT","YR","A","1984",71,
"CZE","LIFEEXP","TOT","YR","A","1985",71.2,
"CZE","LIFEEXP","TOT","YR","A","1986",71.1,
"CZE","LIFEEXP","TOT","YR","A","1987",71.6,
"CZE","LIFEEXP","TOT","YR","A","1988",71.8,
"CZE","LIFEEXP","TOT","YR","A","1989",71.9,
"CZE","LIFEEXP","TOT","YR","A","1990",71.6,
"CZE","LIFEEXP","TOT","YR","A","1991",72,
"CZE","LIFEEXP","TOT","YR","A","1992",72.5,
"CZE","LIFEEXP","TOT","YR","A","1993",72.9,
"CZE","LIFEEXP","TOT","YR","A","1994",73.2,
"CZE","LIFEEXP","TOT","YR","A","1995",73.3,
"CZE","LIFEEXP","TOT","YR","A","1996",74,
"CZE","LIFEEXP","TOT","YR","A","1997",74.1,
"CZE","LIFEEXP","TOT","YR","A","1998",74.7,
"CZE","LIFEEXP","TOT","YR","A","1999",74.9,
"CZE","LIFEEXP","TOT","YR","A","2000",75.1,
"CZE","LIFEEXP","TOT","YR","A","2001",75.3,
"CZE","LIFEEXP","TOT","YR","A","2002",75.4,
"CZE","LIFEEXP","TOT","YR","A","2003",75.3,
"CZE","LIFEEXP","TOT","YR","A","2004",75.8,
"CZE","LIFEEXP","TOT","YR","A","2005",76.1,
"CZE","LIFEEXP","TOT","YR","A","2006",76.7,
"CZE","LIFEEXP","TOT","YR","A","2007",77,
"CZE","LIFEEXP","TOT","YR","A","2008",77.3,
"CZE","LIFEEXP","TOT","YR","A","2009",77.4,
"CZE","LIFEEXP","TOT","YR","A","2010",77.7,
"CZE","LIFEEXP","TOT","YR","A","2011",78,
"CZE","LIFEEXP","TOT","YR","A","2012",78.2,
"CZE","LIFEEXP","TOT","YR","A","2013",78.3,
"CZE","LIFEEXP","TOT","YR","A","2014",78.9,
"CZE","LIFEEXP","TOT","YR","A","2015",78.7,
"CZE","LIFEEXP","TOT","YR","A","2016",79.1,
"CZE","LIFEEXP","TOT","YR","A","2017",79.1,
"CZE","LIFEEXP","TOT","YR","A","2018",79.1,
"DNK","LIFEEXP","TOT","YR","A","1980",74.3,
"DNK","LIFEEXP","TOT","YR","A","1981",74.4,
"DNK","LIFEEXP","TOT","YR","A","1982",74.7,
"DNK","LIFEEXP","TOT","YR","A","1983",74.6,
"DNK","LIFEEXP","TOT","YR","A","1984",74.8,
"DNK","LIFEEXP","TOT","YR","A","1985",74.6,
"DNK","LIFEEXP","TOT","YR","A","1986",74.8,
"DNK","LIFEEXP","TOT","YR","A","1987",74.9,
"DNK","LIFEEXP","TOT","YR","A","1988",75,
"DNK","LIFEEXP","TOT","YR","A","1989",75,
"DNK","LIFEEXP","TOT","YR","A","1990",74.9,
"DNK","LIFEEXP","TOT","YR","A","1991",75.3,
"DNK","LIFEEXP","TOT","YR","A","1992",75.3,
"DNK","LIFEEXP","TOT","YR","A","1993",75.2,
"DNK","LIFEEXP","TOT","YR","A","1994",75.5,
"DNK","LIFEEXP","TOT","YR","A","1995",75.3,
"DNK","LIFEEXP","TOT","YR","A","1996",75.7,
"DNK","LIFEEXP","TOT","YR","A","1997",76.1,
"DNK","LIFEEXP","TOT","YR","A","1998",76.5,
"DNK","LIFEEXP","TOT","YR","A","1999",76.6,
"DNK","LIFEEXP","TOT","YR","A","2000",76.9,
"DNK","LIFEEXP","TOT","YR","A","2001",77,
"DNK","LIFEEXP","TOT","YR","A","2002",77.1,
"DNK","LIFEEXP","TOT","YR","A","2003",77.4,
"DNK","LIFEEXP","TOT","YR","A","2004",77.8,
"DNK","LIFEEXP","TOT","YR","A","2005",78.3,
"DNK","LIFEEXP","TOT","YR","A","2006",78.4,
"DNK","LIFEEXP","TOT","YR","A","2007",78.4,
"DNK","LIFEEXP","TOT","YR","A","2008",78.8,
"DNK","LIFEEXP","TOT","YR","A","2009",79,
"DNK","LIFEEXP","TOT","YR","A","2010",79.3,
"DNK","LIFEEXP","TOT","YR","A","2011",79.9,
"DNK","LIFEEXP","TOT","YR","A","2012",80.1,
"DNK","LIFEEXP","TOT","YR","A","2013",80.4,
"DNK","LIFEEXP","TOT","YR","A","2014",80.8,
"DNK","LIFEEXP","TOT","YR","A","2015",80.8,
"DNK","LIFEEXP","TOT","YR","A","2016",80.9,
"DNK","LIFEEXP","TOT","YR","A","2017",81.2,
"DNK","LIFEEXP","TOT","YR","A","2018",81,
"FIN","LIFEEXP","TOT","YR","A","1980",73.6,
"FIN","LIFEEXP","TOT","YR","A","1981",73.9,
"FIN","LIFEEXP","TOT","YR","A","1982",74.6,
"FIN","LIFEEXP","TOT","YR","A","1983",74.4,
"FIN","LIFEEXP","TOT","YR","A","1984",74.8,
"FIN","LIFEEXP","TOT","YR","A","1985",74.5,
"FIN","LIFEEXP","TOT","YR","A","1986",74.8,
"FIN","LIFEEXP","TOT","YR","A","1987",74.8,
"FIN","LIFEEXP","TOT","YR","A","1988",74.8,
"FIN","LIFEEXP","TOT","YR","A","1989",75,
"FIN","LIFEEXP","TOT","YR","A","1990",75,
"FIN","LIFEEXP","TOT","YR","A","1991",75.5,
"FIN","LIFEEXP","TOT","YR","A","1992",75.7,
"FIN","LIFEEXP","TOT","YR","A","1993",75.8,
"FIN","LIFEEXP","TOT","YR","A","1994",76.6,
"FIN","LIFEEXP","TOT","YR","A","1995",76.6,
"FIN","LIFEEXP","TOT","YR","A","1996",76.9,
"FIN","LIFEEXP","TOT","YR","A","1997",77.1,
"FIN","LIFEEXP","TOT","YR","A","1998",77.3,
"FIN","LIFEEXP","TOT","YR","A","1999",77.5,
"FIN","LIFEEXP","TOT","YR","A","2000",77.7,
"FIN","LIFEEXP","TOT","YR","A","2001",78.2,
"FIN","LIFEEXP","TOT","YR","A","2002",78.3,
"FIN","LIFEEXP","TOT","YR","A","2003",78.5,
"FIN","LIFEEXP","TOT","YR","A","2004",79,
"FIN","LIFEEXP","TOT","YR","A","2005",79.1,
"FIN","LIFEEXP","TOT","YR","A","2006",79.5,
"FIN","LIFEEXP","TOT","YR","A","2007",79.6,
"FIN","LIFEEXP","TOT","YR","A","2008",79.9,
"FIN","LIFEEXP","TOT","YR","A","2009",80.1,
"FIN","LIFEEXP","TOT","YR","A","2010",80.2,
"FIN","LIFEEXP","TOT","YR","A","2011",80.6,
"FIN","LIFEEXP","TOT","YR","A","2012",80.7,
"FIN","LIFEEXP","TOT","YR","A","2013",81.1,
"FIN","LIFEEXP","TOT","YR","A","2014",81.3,
"FIN","LIFEEXP","TOT","YR","A","2015",81.6,
"FIN","LIFEEXP","TOT","YR","A","2016",81.5,
"FIN","LIFEEXP","TOT","YR","A","2017",81.7,
"FIN","LIFEEXP","TOT","YR","A","2018",81.8,
"FRA","LIFEEXP","TOT","YR","A","1980",74.3,
"FRA","LIFEEXP","TOT","YR","A","1981",74.5,
"FRA","LIFEEXP","TOT","YR","A","1982",74.8,
"FRA","LIFEEXP","TOT","YR","A","1983",74.8,
"FRA","LIFEEXP","TOT","YR","A","1984",75.3,
"FRA","LIFEEXP","TOT","YR","A","1985",75.4,
"FRA","LIFEEXP","TOT","YR","A","1986",75.7,
"FRA","LIFEEXP","TOT","YR","A","1987",76.3,
"FRA","LIFEEXP","TOT","YR","A","1988",76.6,
"FRA","LIFEEXP","TOT","YR","A","1989",76.7,
"FRA","LIFEEXP","TOT","YR","A","1990",77,
"FRA","LIFEEXP","TOT","YR","A","1991",77.2,
"FRA","LIFEEXP","TOT","YR","A","1992",77.5,
"FRA","LIFEEXP","TOT","YR","A","1993",77.6,
"FRA","LIFEEXP","TOT","YR","A","1994",78,
"FRA","LIFEEXP","TOT","YR","A","1995",78.1,
"FRA","LIFEEXP","TOT","YR","A","1996",78.3,
"FRA","LIFEEXP","TOT","YR","A","1997",78.6,
"FRA","LIFEEXP","TOT","YR","A","1998",78.8,
"FRA","LIFEEXP","TOT","YR","A","1999",78.9,
"FRA","LIFEEXP","TOT","YR","A","2000",79.2,
"FRA","LIFEEXP","TOT","YR","A","2001",79.3,
"FRA","LIFEEXP","TOT","YR","A","2002",79.4,
"FRA","LIFEEXP","TOT","YR","A","2003",79.3,
"FRA","LIFEEXP","TOT","YR","A","2004",80.3,
"FRA","LIFEEXP","TOT","YR","A","2005",80.4,
"FRA","LIFEEXP","TOT","YR","A","2006",81,
"FRA","LIFEEXP","TOT","YR","A","2007",81.2,
"FRA","LIFEEXP","TOT","YR","A","2008",81.4,
"FRA","LIFEEXP","TOT","YR","A","2009",81.5,
"FRA","LIFEEXP","TOT","YR","A","2010",81.8,
"FRA","LIFEEXP","TOT","YR","A","2011",82.3,
"FRA","LIFEEXP","TOT","YR","A","2012",82.1,
"FRA","LIFEEXP","TOT","YR","A","2013",82.3,
"FRA","LIFEEXP","TOT","YR","A","2014",82.8,
"FRA","LIFEEXP","TOT","YR","A","2015",82.4,
"FRA","LIFEEXP","TOT","YR","A","2016",82.7,
"FRA","LIFEEXP","TOT","YR","A","2017",82.7,
"FRA","LIFEEXP","TOT","YR","A","2018",82.8,
"DEU","LIFEEXP","TOT","YR","A","1980",72.9,
"DEU","LIFEEXP","TOT","YR","A","1981",73.2,
"DEU","LIFEEXP","TOT","YR","A","1982",73.5,
"DEU","LIFEEXP","TOT","YR","A","1983",73.8,
"DEU","LIFEEXP","TOT","YR","A","1984",74.3,
"DEU","LIFEEXP","TOT","YR","A","1985",74.9,
"DEU","LIFEEXP","TOT","YR","A","1986",75.1,
"DEU","LIFEEXP","TOT","YR","A","1987",75.6,
"DEU","LIFEEXP","TOT","YR","A","1988",75.8,
"DEU","LIFEEXP","TOT","YR","A","1989",75.9,
"DEU","LIFEEXP","TOT","YR","A","1990",77.2,
"DEU","LIFEEXP","TOT","YR","A","1991",75.5,"B"
"DEU","LIFEEXP","TOT","YR","A","1992",76,
"DEU","LIFEEXP","TOT","YR","A","1993",76.1,
"DEU","LIFEEXP","TOT","YR","A","1994",76.4,
"DEU","LIFEEXP","TOT","YR","A","1995",76.6,
"DEU","LIFEEXP","TOT","YR","A","1996",76.9,
"DEU","LIFEEXP","TOT","YR","A","1997",77.3,
"DEU","LIFEEXP","TOT","YR","A","1998",77.7,
"DEU","LIFEEXP","TOT","YR","A","1999",77.9,
"DEU","LIFEEXP","TOT","YR","A","2000",78.2,
"DEU","LIFEEXP","TOT","YR","A","2001",78.5,
"DEU","LIFEEXP","TOT","YR","A","2002",78.5,
"DEU","LIFEEXP","TOT","YR","A","2003",78.6,
"DEU","LIFEEXP","TOT","YR","A","2004",79.2,
"DEU","LIFEEXP","TOT","YR","A","2005",79.4,
"DEU","LIFEEXP","TOT","YR","A","2006",79.8,
"DEU","LIFEEXP","TOT","YR","A","2007",80.1,
"DEU","LIFEEXP","TOT","YR","A","2008",80.2,
"DEU","LIFEEXP","TOT","YR","A","2009",80.3,
"DEU","LIFEEXP","TOT","YR","A","2010",80.5,
"DEU","LIFEEXP","TOT","YR","A","2011",80.5,
"DEU","LIFEEXP","TOT","YR","A","2012",80.6,
"DEU","LIFEEXP","TOT","YR","A","2013",80.6,
"DEU","LIFEEXP","TOT","YR","A","2014",81.2,
"DEU","LIFEEXP","TOT","YR","A","2015",80.7,
"DEU","LIFEEXP","TOT","YR","A","2016",81.1,
"DEU","LIFEEXP","TOT","YR","A","2017",81.1,
"DEU","LIFEEXP","TOT","YR","A","2018",81,
"GRC","LIFEEXP","TOT","YR","A","1980",75.3,
"GRC","LIFEEXP","TOT","YR","A","1981",75.7,
"GRC","LIFEEXP","TOT","YR","A","1982",75.9,
"GRC","LIFEEXP","TOT","YR","A","1983",75.7,
"GRC","LIFEEXP","TOT","YR","A","1984",76.2,
"GRC","LIFEEXP","TOT","YR","A","1985",76,
"GRC","LIFEEXP","TOT","YR","A","1986",76.5,
"GRC","LIFEEXP","TOT","YR","A","1987",76.3,
"GRC","LIFEEXP","TOT","YR","A","1988",76.8,
"GRC","LIFEEXP","TOT","YR","A","1989",77,
"GRC","LIFEEXP","TOT","YR","A","1990",77.1,
"GRC","LIFEEXP","TOT","YR","A","1991",77.3,
"GRC","LIFEEXP","TOT","YR","A","1992",77.2,
"GRC","LIFEEXP","TOT","YR","A","1993",77.6,
"GRC","LIFEEXP","TOT","YR","A","1994",77.8,
"GRC","LIFEEXP","TOT","YR","A","1995",77.8,
"GRC","LIFEEXP","TOT","YR","A","1996",78,
"GRC","LIFEEXP","TOT","YR","A","1997",78.4,
"GRC","LIFEEXP","TOT","YR","A","1998",78.4,
"GRC","LIFEEXP","TOT","YR","A","1999",78.5,
"GRC","LIFEEXP","TOT","YR","A","2000",78.6,
"GRC","LIFEEXP","TOT","YR","A","2001",79.1,
"GRC","LIFEEXP","TOT","YR","A","2002",79.2,
"GRC","LIFEEXP","TOT","YR","A","2003",79.3,
"GRC","LIFEEXP","TOT","YR","A","2004",79.4,
"GRC","LIFEEXP","TOT","YR","A","2005",79.7,
"GRC","LIFEEXP","TOT","YR","A","2006",79.9,
"GRC","LIFEEXP","TOT","YR","A","2007",79.7,
"GRC","LIFEEXP","TOT","YR","A","2008",80.3,
"GRC","LIFEEXP","TOT","YR","A","2009",80.4,
"GRC","LIFEEXP","TOT","YR","A","2010",80.7,
"GRC","LIFEEXP","TOT","YR","A","2011",80.8,
"GRC","LIFEEXP","TOT","YR","A","2012",80.7,
"GRC","LIFEEXP","TOT","YR","A","2013",81.4,
"GRC","LIFEEXP","TOT","YR","A","2014",81.5,
"GRC","LIFEEXP","TOT","YR","A","2015",81.1,
"GRC","LIFEEXP","TOT","YR","A","2016",81.5,
"GRC","LIFEEXP","TOT","YR","A","2017",81.4,
"GRC","LIFEEXP","TOT","YR","A","2018",81.9,
"HUN","LIFEEXP","TOT","YR","A","1980",69.2,
"HUN","LIFEEXP","TOT","YR","A","1981",69.3,
"HUN","LIFEEXP","TOT","YR","A","1982",69.5,
"HUN","LIFEEXP","TOT","YR","A","1983",69.1,
"HUN","LIFEEXP","TOT","YR","A","1984",69.2,
"HUN","LIFEEXP","TOT","YR","A","1985",69.2,
"HUN","LIFEEXP","TOT","YR","A","1986",69.3,
"HUN","LIFEEXP","TOT","YR","A","1987",69.8,
"HUN","LIFEEXP","TOT","YR","A","1988",70.2,
"HUN","LIFEEXP","TOT","YR","A","1989",69.6,
"HUN","LIFEEXP","TOT","YR","A","1990",69.5,
"HUN","LIFEEXP","TOT","YR","A","1991",69.6,
"HUN","LIFEEXP","TOT","YR","A","1992",69.4,
"HUN","LIFEEXP","TOT","YR","A","1993",69.4,
"HUN","LIFEEXP","TOT","YR","A","1994",69.8,
"HUN","LIFEEXP","TOT","YR","A","1995",70.1,
"HUN","LIFEEXP","TOT","YR","A","1996",70.7,
"HUN","LIFEEXP","TOT","YR","A","1997",71.1,
"HUN","LIFEEXP","TOT","YR","A","1998",71.1,
"HUN","LIFEEXP","TOT","YR","A","1999",71.2,
"HUN","LIFEEXP","TOT","YR","A","2000",71.9,
"HUN","LIFEEXP","TOT","YR","A","2001",72.5,
"HUN","LIFEEXP","TOT","YR","A","2002",72.5,
"HUN","LIFEEXP","TOT","YR","A","2003",72.6,
"HUN","LIFEEXP","TOT","YR","A","2004",73,
"HUN","LIFEEXP","TOT","YR","A","2005",73,
"HUN","LIFEEXP","TOT","YR","A","2006",73.5,
"HUN","LIFEEXP","TOT","YR","A","2007",73.6,
"HUN","LIFEEXP","TOT","YR","A","2008",74.2,
"HUN","LIFEEXP","TOT","YR","A","2009",74.4,
"HUN","LIFEEXP","TOT","YR","A","2010",74.7,
"HUN","LIFEEXP","TOT","YR","A","2011",75,
"HUN","LIFEEXP","TOT","YR","A","2012",75.2,"B"
"HUN","LIFEEXP","TOT","YR","A","2013",75.7,
"HUN","LIFEEXP","TOT","YR","A","2014",75.9,
"HUN","LIFEEXP","TOT","YR","A","2015",75.7,
"HUN","LIFEEXP","TOT","YR","A","2016",76.2,
"HUN","LIFEEXP","TOT","YR","A","2017",75.9,
"HUN","LIFEEXP","TOT","YR","A","2018",76.2,
"ISL","LIFEEXP","TOT","YR","A","1980",77,
"ISL","LIFEEXP","TOT","YR","A","1981",76.6,
"ISL","LIFEEXP","TOT","YR","A","1982",77.1,
"ISL","LIFEEXP","TOT","YR","A","1983",77,
"ISL","LIFEEXP","TOT","YR","A","1984",77.7,
"ISL","LIFEEXP","TOT","YR","A","1985",77.7,
"ISL","LIFEEXP","TOT","YR","A","1986",78.1,
"ISL","LIFEEXP","TOT","YR","A","1987",77.4,
"ISL","LIFEEXP","TOT","YR","A","1988",77.2,
"ISL","LIFEEXP","TOT","YR","A","1989",78.2,
"ISL","LIFEEXP","TOT","YR","A","1990",78.1,
"ISL","LIFEEXP","TOT","YR","A","1991",78.1,
"ISL","LIFEEXP","TOT","YR","A","1992",78.8,
"ISL","LIFEEXP","TOT","YR","A","1993",79,
"ISL","LIFEEXP","TOT","YR","A","1994",79.3,
"ISL","LIFEEXP","TOT","YR","A","1995",78.1,
"ISL","LIFEEXP","TOT","YR","A","1996",78.9,
"ISL","LIFEEXP","TOT","YR","A","1997",79,
"ISL","LIFEEXP","TOT","YR","A","1998",79.7,
"ISL","LIFEEXP","TOT","YR","A","1999",79.4,
"ISL","LIFEEXP","TOT","YR","A","2000",79.7,
"ISL","LIFEEXP","TOT","YR","A","2001",80.8,
"ISL","LIFEEXP","TOT","YR","A","2002",80.6,
"ISL","LIFEEXP","TOT","YR","A","2003",81,
"ISL","LIFEEXP","TOT","YR","A","2004",81.1,
"ISL","LIFEEXP","TOT","YR","A","2005",81.6,
"ISL","LIFEEXP","TOT","YR","A","2006",81.2,
"ISL","LIFEEXP","TOT","YR","A","2007",81.5,
"ISL","LIFEEXP","TOT","YR","A","2008",81.7,
"ISL","LIFEEXP","TOT","YR","A","2009",81.8,
"ISL","LIFEEXP","TOT","YR","A","2010",82,
"ISL","LIFEEXP","TOT","YR","A","2011",82.4,
"ISL","LIFEEXP","TOT","YR","A","2012",83,
"ISL","LIFEEXP","TOT","YR","A","2013",82.1,
"ISL","LIFEEXP","TOT","YR","A","2014",82.9,
"ISL","LIFEEXP","TOT","YR","A","2015",82.5,
"ISL","LIFEEXP","TOT","YR","A","2016",82.3,
"ISL","LIFEEXP","TOT","YR","A","2017",82.7,
"ISL","LIFEEXP","TOT","YR","A","2018",82.9,
"IRL","LIFEEXP","TOT","YR","A","1980",72.9,
"IRL","LIFEEXP","TOT","YR","A","1981",72.9,
"IRL","LIFEEXP","TOT","YR","A","1982",72.9,
"IRL","LIFEEXP","TOT","YR","A","1985",73.4,
"IRL","LIFEEXP","TOT","YR","A","1986",73.6,
"IRL","LIFEEXP","TOT","YR","A","1987",74.5,
"IRL","LIFEEXP","TOT","YR","A","1988",74.5,
"IRL","LIFEEXP","TOT","YR","A","1989",74.5,
"IRL","LIFEEXP","TOT","YR","A","1990",74.9,
"IRL","LIFEEXP","TOT","YR","A","1991",75.1,
"IRL","LIFEEXP","TOT","YR","A","1992",75.5,
"IRL","LIFEEXP","TOT","YR","A","1993",75.3,
"IRL","LIFEEXP","TOT","YR","A","1994",75.9,
"IRL","LIFEEXP","TOT","YR","A","1995",75.6,
"IRL","LIFEEXP","TOT","YR","A","1996",75.9,
"IRL","LIFEEXP","TOT","YR","A","1997",76.1,
"IRL","LIFEEXP","TOT","YR","A","1998",76.3,
"IRL","LIFEEXP","TOT","YR","A","1999",76.2,
"IRL","LIFEEXP","TOT","YR","A","2000",76.6,
"IRL","LIFEEXP","TOT","YR","A","2001",77.2,
"IRL","LIFEEXP","TOT","YR","A","2002",77.7,
"IRL","LIFEEXP","TOT","YR","A","2003",78.2,
"IRL","LIFEEXP","TOT","YR","A","2004",78.6,
"IRL","LIFEEXP","TOT","YR","A","2005",79,
"IRL","LIFEEXP","TOT","YR","A","2006",79.3,
"IRL","LIFEEXP","TOT","YR","A","2007",79.7,
"IRL","LIFEEXP","TOT","YR","A","2008",80.2,
"IRL","LIFEEXP","TOT","YR","A","2009",80.3,
"IRL","LIFEEXP","TOT","YR","A","2010",80.8,
"IRL","LIFEEXP","TOT","YR","A","2011",80.8,
"IRL","LIFEEXP","TOT","YR","A","2012",80.9,
"IRL","LIFEEXP","TOT","YR","A","2013",81,
"IRL","LIFEEXP","TOT","YR","A","2014",81.4,
"IRL","LIFEEXP","TOT","YR","A","2015",81.5,
"IRL","LIFEEXP","TOT","YR","A","2016",81.7,
"IRL","LIFEEXP","TOT","YR","A","2017",82.2,
"IRL","LIFEEXP","TOT","YR","A","2018",82.3,
"ITA","LIFEEXP","TOT","YR","A","1980",74,
"ITA","LIFEEXP","TOT","YR","A","1981",74.3,
"ITA","LIFEEXP","TOT","YR","A","1982",74.7,
"ITA","LIFEEXP","TOT","YR","A","1983",74.8,
"ITA","LIFEEXP","TOT","YR","A","1984",75,
"ITA","LIFEEXP","TOT","YR","A","1985",75.6,
"ITA","LIFEEXP","TOT","YR","A","1986",75.9,
"ITA","LIFEEXP","TOT","YR","A","1987",76.3,
"ITA","LIFEEXP","TOT","YR","A","1988",76.5,
"ITA","LIFEEXP","TOT","YR","A","1989",76.9,
"ITA","LIFEEXP","TOT","YR","A","1990",77.1,
"ITA","LIFEEXP","TOT","YR","A","1991",77.1,
"ITA","LIFEEXP","TOT","YR","A","1992",77.5,
"ITA","LIFEEXP","TOT","YR","A","1993",77.8,
"ITA","LIFEEXP","TOT","YR","A","1994",78,
"ITA","LIFEEXP","TOT","YR","A","1995",78.3,
"ITA","LIFEEXP","TOT","YR","A","1996",78.6,
"ITA","LIFEEXP","TOT","YR","A","1997",78.9,
"ITA","LIFEEXP","TOT","YR","A","1998",79.1,
"ITA","LIFEEXP","TOT","YR","A","1999",79.5,
"ITA","LIFEEXP","TOT","YR","A","2000",79.9,
"ITA","LIFEEXP","TOT","YR","A","2001",80.2,
"ITA","LIFEEXP","TOT","YR","A","2002",80.3,
"ITA","LIFEEXP","TOT","YR","A","2003",80.1,
"ITA","LIFEEXP","TOT","YR","A","2004",80.9,
"ITA","LIFEEXP","TOT","YR","A","2005",80.9,
"ITA","LIFEEXP","TOT","YR","A","2006",81.4,
"ITA","LIFEEXP","TOT","YR","A","2007",81.5,
"ITA","LIFEEXP","TOT","YR","A","2008",81.6,
"ITA","LIFEEXP","TOT","YR","A","2009",81.7,
"ITA","LIFEEXP","TOT","YR","A","2010",82.1,
"ITA","LIFEEXP","TOT","YR","A","2011",82.3,
"ITA","LIFEEXP","TOT","YR","A","2012",82.3,
"ITA","LIFEEXP","TOT","YR","A","2013",82.8,
"ITA","LIFEEXP","TOT","YR","A","2014",83.2,
"ITA","LIFEEXP","TOT","YR","A","2015",82.6,
"ITA","LIFEEXP","TOT","YR","A","2016",83.3,
"ITA","LIFEEXP","TOT","YR","A","2017",83,
"ITA","LIFEEXP","TOT","YR","A","2018",83.4,
"JPN","LIFEEXP","TOT","YR","A","1980",76.1,
"JPN","LIFEEXP","TOT","YR","A","1981",76.5,
"JPN","LIFEEXP","TOT","YR","A","1982",76.9,
"JPN","LIFEEXP","TOT","YR","A","1983",77,
"JPN","LIFEEXP","TOT","YR","A","1984",77.4,
"JPN","LIFEEXP","TOT","YR","A","1985",77.6,
"JPN","LIFEEXP","TOT","YR","A","1986",78.1,
"JPN","LIFEEXP","TOT","YR","A","1987",78.5,
"JPN","LIFEEXP","TOT","YR","A","1988",78.4,
"JPN","LIFEEXP","TOT","YR","A","1989",78.8,
"JPN","LIFEEXP","TOT","YR","A","1990",78.9,
"JPN","LIFEEXP","TOT","YR","A","1991",79.1,
"JPN","LIFEEXP","TOT","YR","A","1992",79.2,
"JPN","LIFEEXP","TOT","YR","A","1993",79.4,
"JPN","LIFEEXP","TOT","YR","A","1994",79.8,
"JPN","LIFEEXP","TOT","YR","A","1995",79.6,
"JPN","LIFEEXP","TOT","YR","A","1996",80.3,
"JPN","LIFEEXP","TOT","YR","A","1997",80.5,
"JPN","LIFEEXP","TOT","YR","A","1998",80.6,
"JPN","LIFEEXP","TOT","YR","A","1999",80.5,
"JPN","LIFEEXP","TOT","YR","A","2000",81.2,
"JPN","LIFEEXP","TOT","YR","A","2001",81.5,
"JPN","LIFEEXP","TOT","YR","A","2002",81.8,
"JPN","LIFEEXP","TOT","YR","A","2003",81.8,
"JPN","LIFEEXP","TOT","YR","A","2004",82.1,
"JPN","LIFEEXP","TOT","YR","A","2005",82,
"JPN","LIFEEXP","TOT","YR","A","2006",82.4,
"JPN","LIFEEXP","TOT","YR","A","2007",82.6,
"JPN","LIFEEXP","TOT","YR","A","2008",82.7,
"JPN","LIFEEXP","TOT","YR","A","2009",83,
"JPN","LIFEEXP","TOT","YR","A","2010",82.9,
"JPN","LIFEEXP","TOT","YR","A","2011",82.7,
"JPN","LIFEEXP","TOT","YR","A","2012",83.2,
"JPN","LIFEEXP","TOT","YR","A","2013",83.4,
"JPN","LIFEEXP","TOT","YR","A","2014",83.7,
"JPN","LIFEEXP","TOT","YR","A","2015",83.9,
"JPN","LIFEEXP","TOT","YR","A","2016",84.1,
"JPN","LIFEEXP","TOT","YR","A","2017",84.2,
"KOR","LIFEEXP","TOT","YR","A","1980",66.1,
"KOR","LIFEEXP","TOT","YR","A","1981",66.7,
"KOR","LIFEEXP","TOT","YR","A","1982",67.2,
"KOR","LIFEEXP","TOT","YR","A","1983",67.7,
"KOR","LIFEEXP","TOT","YR","A","1984",68.3,
"KOR","LIFEEXP","TOT","YR","A","1985",68.9,
"KOR","LIFEEXP","TOT","YR","A","1986",69.5,
"KOR","LIFEEXP","TOT","YR","A","1987",70.1,
"KOR","LIFEEXP","TOT","YR","A","1988",70.7,
"KOR","LIFEEXP","TOT","YR","A","1989",71.2,
"KOR","LIFEEXP","TOT","YR","A","1990",71.7,
"KOR","LIFEEXP","TOT","YR","A","1991",72.2,
"KOR","LIFEEXP","TOT","YR","A","1992",72.6,
"KOR","LIFEEXP","TOT","YR","A","1993",73.1,
"KOR","LIFEEXP","TOT","YR","A","1994",73.5,
"KOR","LIFEEXP","TOT","YR","A","1995",73.8,
"KOR","LIFEEXP","TOT","YR","A","1996",74.2,
"KOR","LIFEEXP","TOT","YR","A","1997",74.7,
"KOR","LIFEEXP","TOT","YR","A","1998",75.1,
"KOR","LIFEEXP","TOT","YR","A","1999",75.5,
"KOR","LIFEEXP","TOT","YR","A","2000",76,
"KOR","LIFEEXP","TOT","YR","A","2001",76.5,
"KOR","LIFEEXP","TOT","YR","A","2002",76.8,
"KOR","LIFEEXP","TOT","YR","A","2003",77.3,
"KOR","LIFEEXP","TOT","YR","A","2004",77.8,
"KOR","LIFEEXP","TOT","YR","A","2005",78.2,
"KOR","LIFEEXP","TOT","YR","A","2006",78.8,
"KOR","LIFEEXP","TOT","YR","A","2007",79.2,
"KOR","LIFEEXP","TOT","YR","A","2008",79.6,
"KOR","LIFEEXP","TOT","YR","A","2009",80,
"KOR","LIFEEXP","TOT","YR","A","2010",80.2,
"KOR","LIFEEXP","TOT","YR","A","2011",80.6,
"KOR","LIFEEXP","TOT","YR","A","2012",80.9,
"KOR","LIFEEXP","TOT","YR","A","2013",81.4,
"KOR","LIFEEXP","TOT","YR","A","2014",81.8,
"KOR","LIFEEXP","TOT","YR","A","2015",82.1,
"KOR","LIFEEXP","TOT","YR","A","2016",82.4,
"KOR","LIFEEXP","TOT","YR","A","2017",82.7,
"KOR","LIFEEXP","TOT","YR","A","2018",82.7,
"LUX","LIFEEXP","TOT","YR","A","1980",72.8,
"LUX","LIFEEXP","TOT","YR","A","1981",72.6,
"LUX","LIFEEXP","TOT","YR","A","1982",72.7,
"LUX","LIFEEXP","TOT","YR","A","1983",73.5,
"LUX","LIFEEXP","TOT","YR","A","1984",73.3,
"LUX","LIFEEXP","TOT","YR","A","1985",73.8,
"LUX","LIFEEXP","TOT","YR","A","1986",74.7,
"LUX","LIFEEXP","TOT","YR","A","1987",74.3,
"LUX","LIFEEXP","TOT","YR","A","1988",75,
"LUX","LIFEEXP","TOT","YR","A","1989",74.8,
"LUX","LIFEEXP","TOT","YR","A","1990",75.6,
"LUX","LIFEEXP","TOT","YR","A","1991",75.7,
"LUX","LIFEEXP","TOT","YR","A","1992",75.3,
"LUX","LIFEEXP","TOT","YR","A","1993",75.9,
"LUX","LIFEEXP","TOT","YR","A","1994",76.6,
"LUX","LIFEEXP","TOT","YR","A","1995",76.8,
"LUX","LIFEEXP","TOT","YR","A","1996",76.8,
"LUX","LIFEEXP","TOT","YR","A","1997",77,
"LUX","LIFEEXP","TOT","YR","A","1998",77.3,
"LUX","LIFEEXP","TOT","YR","A","1999",77.9,
"LUX","LIFEEXP","TOT","YR","A","2000",78,
"LUX","LIFEEXP","TOT","YR","A","2001",77.9,
"LUX","LIFEEXP","TOT","YR","A","2002",78.1,
"LUX","LIFEEXP","TOT","YR","A","2003",77.8,
"LUX","LIFEEXP","TOT","YR","A","2004",79.2,
"LUX","LIFEEXP","TOT","YR","A","2005",79.5,
"LUX","LIFEEXP","TOT","YR","A","2006",79.4,
"LUX","LIFEEXP","TOT","YR","A","2007",79.5,
"LUX","LIFEEXP","TOT","YR","A","2008",80.6,
"LUX","LIFEEXP","TOT","YR","A","2009",80.7,
"LUX","LIFEEXP","TOT","YR","A","2010",80.7,
"LUX","LIFEEXP","TOT","YR","A","2011",81.1,
"LUX","LIFEEXP","TOT","YR","A","2012",81.5,"B"
"LUX","LIFEEXP","TOT","YR","A","2013",81.9,
"LUX","LIFEEXP","TOT","YR","A","2014",82.3,
"LUX","LIFEEXP","TOT","YR","A","2015",82.4,
"LUX","LIFEEXP","TOT","YR","A","2016",82.8,
"LUX","LIFEEXP","TOT","YR","A","2017",82.2,
"LUX","LIFEEXP","TOT","YR","A","2018",82.4,
"MEX","LIFEEXP","TOT","YR","A","1980",67.2,
"MEX","LIFEEXP","TOT","YR","A","1981",67.7,
"MEX","LIFEEXP","TOT","YR","A","1982",68.2,
"MEX","LIFEEXP","TOT","YR","A","1983",68.6,
"MEX","LIFEEXP","TOT","YR","A","1984",69.1,
"MEX","LIFEEXP","TOT","YR","A","1985",69.5,
"MEX","LIFEEXP","TOT","YR","A","1986",69.9,
"MEX","LIFEEXP","TOT","YR","A","1987",70.2,
"MEX","LIFEEXP","TOT","YR","A","1988",70.6,
"MEX","LIFEEXP","TOT","YR","A","1989",70.8,
"MEX","LIFEEXP","TOT","YR","A","1990",70.5,
"MEX","LIFEEXP","TOT","YR","A","1991",70.9,
"MEX","LIFEEXP","TOT","YR","A","1992",71.3,
"MEX","LIFEEXP","TOT","YR","A","1993",71.7,
"MEX","LIFEEXP","TOT","YR","A","1994",72,
"MEX","LIFEEXP","TOT","YR","A","1995",72.3,
"MEX","LIFEEXP","TOT","YR","A","1996",72.5,
"MEX","LIFEEXP","TOT","YR","A","1997",72.8,
"MEX","LIFEEXP","TOT","YR","A","1998",73,
"MEX","LIFEEXP","TOT","YR","A","1999",73.2,
"MEX","LIFEEXP","TOT","YR","A","2000",73.3,
"MEX","LIFEEXP","TOT","YR","A","2001",73.5,
"MEX","LIFEEXP","TOT","YR","A","2002",73.6,
"MEX","LIFEEXP","TOT","YR","A","2003",73.8,
"MEX","LIFEEXP","TOT","YR","A","2004",73.9,
"MEX","LIFEEXP","TOT","YR","A","2005",74,
"MEX","LIFEEXP","TOT","YR","A","2006",74.1,
"MEX","LIFEEXP","TOT","YR","A","2007",74.2,
"MEX","LIFEEXP","TOT","YR","A","2008",74.1,
"MEX","LIFEEXP","TOT","YR","A","2009",74,
"MEX","LIFEEXP","TOT","YR","A","2010",74.1,
"MEX","LIFEEXP","TOT","YR","A","2011",74.2,
"MEX","LIFEEXP","TOT","YR","A","2012",74.4,
"MEX","LIFEEXP","TOT","YR","A","2013",74.6,
"MEX","LIFEEXP","TOT","YR","A","2014",74.8,
"MEX","LIFEEXP","TOT","YR","A","2015",75,
"MEX","LIFEEXP","TOT","YR","A","2016",75.2,
"MEX","LIFEEXP","TOT","YR","A","2017",75.4,
"MEX","LIFEEXP","TOT","YR","A","2018",75,"P"
"NLD","LIFEEXP","TOT","YR","A","1980",75.9,
"NLD","LIFEEXP","TOT","YR","A","1981",76,
"NLD","LIFEEXP","TOT","YR","A","1982",76.1,
"NLD","LIFEEXP","TOT","YR","A","1983",76.3,
"NLD","LIFEEXP","TOT","YR","A","1984",76.4,
"NLD","LIFEEXP","TOT","YR","A","1985",76.5,
"NLD","LIFEEXP","TOT","YR","A","1986",76.4,
"NLD","LIFEEXP","TOT","YR","A","1987",76.9,
"NLD","LIFEEXP","TOT","YR","A","1988",77.1,
"NLD","LIFEEXP","TOT","YR","A","1989",76.9,
"NLD","LIFEEXP","TOT","YR","A","1990",77,
"NLD","LIFEEXP","TOT","YR","A","1991",77.2,
"NLD","LIFEEXP","TOT","YR","A","1992",77.4,
"NLD","LIFEEXP","TOT","YR","A","1993",77.1,
"NLD","LIFEEXP","TOT","YR","A","1994",77.5,
"NLD","LIFEEXP","TOT","YR","A","1995",77.6,
"NLD","LIFEEXP","TOT","YR","A","1996",77.6,
"NLD","LIFEEXP","TOT","YR","A","1997",78,
"NLD","LIFEEXP","TOT","YR","A","1998",78,
"NLD","LIFEEXP","TOT","YR","A","1999",77.9,
"NLD","LIFEEXP","TOT","YR","A","2000",78.2,
"NLD","LIFEEXP","TOT","YR","A","2001",78.3,
"NLD","LIFEEXP","TOT","YR","A","2002",78.4,
"NLD","LIFEEXP","TOT","YR","A","2003",78.7,
"NLD","LIFEEXP","TOT","YR","A","2004",79.2,
"NLD","LIFEEXP","TOT","YR","A","2005",79.5,
"NLD","LIFEEXP","TOT","YR","A","2006",79.9,
"NLD","LIFEEXP","TOT","YR","A","2007",80.3,
"NLD","LIFEEXP","TOT","YR","A","2008",80.5,
"NLD","LIFEEXP","TOT","YR","A","2009",80.8,
"NLD","LIFEEXP","TOT","YR","A","2010",81,
"NLD","LIFEEXP","TOT","YR","A","2011",81.3,
"NLD","LIFEEXP","TOT","YR","A","2012",81.2,
"NLD","LIFEEXP","TOT","YR","A","2013",81.4,
"NLD","LIFEEXP","TOT","YR","A","2014",81.8,
"NLD","LIFEEXP","TOT","YR","A","2015",81.6,
"NLD","LIFEEXP","TOT","YR","A","2016",81.6,
"NLD","LIFEEXP","TOT","YR","A","2017",81.8,
"NLD","LIFEEXP","TOT","YR","A","2018",81.9,
"NZL","LIFEEXP","TOT","YR","A","1980",73.2,
"NZL","LIFEEXP","TOT","YR","A","1981",73.4,
"NZL","LIFEEXP","TOT","YR","A","1982",73.6,
"NZL","LIFEEXP","TOT","YR","A","1983",73.7,
"NZL","LIFEEXP","TOT","YR","A","1984",73.8,
"NZL","LIFEEXP","TOT","YR","A","1985",74,
"NZL","LIFEEXP","TOT","YR","A","1986",74.1,
"NZL","LIFEEXP","TOT","YR","A","1987",74.5,
"NZL","LIFEEXP","TOT","YR","A","1988",74.8,
"NZL","LIFEEXP","TOT","YR","A","1989",75.2,
"NZL","LIFEEXP","TOT","YR","A","1990",75.5,
"NZL","LIFEEXP","TOT","YR","A","1991",75.8,
"NZL","LIFEEXP","TOT","YR","A","1992",76.1,
"NZL","LIFEEXP","TOT","YR","A","1993",76.3,
"NZL","LIFEEXP","TOT","YR","A","1994",76.6,
"NZL","LIFEEXP","TOT","YR","A","1995",76.8,
"NZL","LIFEEXP","TOT","YR","A","1996",77.1,
"NZL","LIFEEXP","TOT","YR","A","1997",77.4,
"NZL","LIFEEXP","TOT","YR","A","1998",77.7,
"NZL","LIFEEXP","TOT","YR","A","1999",78.1,
"NZL","LIFEEXP","TOT","YR","A","2000",78.4,
"NZL","LIFEEXP","TOT","YR","A","2001",78.7,
"NZL","LIFEEXP","TOT","YR","A","2002",79,
"NZL","LIFEEXP","TOT","YR","A","2003",79.3,
"NZL","LIFEEXP","TOT","YR","A","2004",79.6,
"NZL","LIFEEXP","TOT","YR","A","2005",79.8,
"NZL","LIFEEXP","TOT","YR","A","2006",80.1,
"NZL","LIFEEXP","TOT","YR","A","2007",80.3,
"NZL","LIFEEXP","TOT","YR","A","2008",80.5,
"NZL","LIFEEXP","TOT","YR","A","2009",80.7,
"NZL","LIFEEXP","TOT","YR","A","2010",80.8,
"NZL","LIFEEXP","TOT","YR","A","2011",81,
"NZL","LIFEEXP","TOT","YR","A","2012",81.2,
"NZL","LIFEEXP","TOT","YR","A","2013",81.4,
"NZL","LIFEEXP","TOT","YR","A","2014",81.5,
"NZL","LIFEEXP","TOT","YR","A","2015",81.7,
"NZL","LIFEEXP","TOT","YR","A","2016",81.7,
"NZL","LIFEEXP","TOT","YR","A","2017",81.9,
"NZL","LIFEEXP","TOT","YR","A","2018",81.8,
"NOR","LIFEEXP","TOT","YR","A","1980",75.9,
"NOR","LIFEEXP","TOT","YR","A","1981",76.1,
"NOR","LIFEEXP","TOT","YR","A","1982",76.2,
"NOR","LIFEEXP","TOT","YR","A","1983",76.3,
"NOR","LIFEEXP","TOT","YR","A","1984",76.4,
"NOR","LIFEEXP","TOT","YR","A","1985",76.1,
"NOR","LIFEEXP","TOT","YR","A","1986",76.5,
"NOR","LIFEEXP","TOT","YR","A","1987",76.3,
"NOR","LIFEEXP","TOT","YR","A","1988",76.4,
"NOR","LIFEEXP","TOT","YR","A","1989",76.7,
"NOR","LIFEEXP","TOT","YR","A","1990",76.7,
"NOR","LIFEEXP","TOT","YR","A","1991",77.1,
"NOR","LIFEEXP","TOT","YR","A","1992",77.4,
"NOR","LIFEEXP","TOT","YR","A","1993",77.3,
"NOR","LIFEEXP","TOT","YR","A","1994",77.9,
"NOR","LIFEEXP","TOT","YR","A","1995",77.9,
"NOR","LIFEEXP","TOT","YR","A","1996",78.3,
"NOR","LIFEEXP","TOT","YR","A","1997",78.3,
"NOR","LIFEEXP","TOT","YR","A","1998",78.5,
"NOR","LIFEEXP","TOT","YR","A","1999",78.4,
"NOR","LIFEEXP","TOT","YR","A","2000",78.8,
"NOR","LIFEEXP","TOT","YR","A","2001",78.9,
"NOR","LIFEEXP","TOT","YR","A","2002",79,
"NOR","LIFEEXP","TOT","YR","A","2003",79.6,
"NOR","LIFEEXP","TOT","YR","A","2004",80.1,
"NOR","LIFEEXP","TOT","YR","A","2005",80.3,
"NOR","LIFEEXP","TOT","YR","A","2006",80.6,
"NOR","LIFEEXP","TOT","YR","A","2007",80.6,
"NOR","LIFEEXP","TOT","YR","A","2008",80.8,
"NOR","LIFEEXP","TOT","YR","A","2009",81,
"NOR","LIFEEXP","TOT","YR","A","2010",81.2,
"NOR","LIFEEXP","TOT","YR","A","2011",81.4,
"NOR","LIFEEXP","TOT","YR","A","2012",81.5,
"NOR","LIFEEXP","TOT","YR","A","2013",81.8,
"NOR","LIFEEXP","TOT","YR","A","2014",82.2,
"NOR","LIFEEXP","TOT","YR","A","2015",82.4,
"NOR","LIFEEXP","TOT","YR","A","2016",82.5,
"NOR","LIFEEXP","TOT","YR","A","2017",82.7,
"NOR","LIFEEXP","TOT","YR","A","2018",82.8,
"POL","LIFEEXP","TOT","YR","A","1980",70.2,
"POL","LIFEEXP","TOT","YR","A","1981",71.2,
"POL","LIFEEXP","TOT","YR","A","1982",71.2,
"POL","LIFEEXP","TOT","YR","A","1983",71.1,
"POL","LIFEEXP","TOT","YR","A","1984",70.9,
"POL","LIFEEXP","TOT","YR","A","1985",71.1,
"POL","LIFEEXP","TOT","YR","A","1986",71,
"POL","LIFEEXP","TOT","YR","A","1987",71.5,
"POL","LIFEEXP","TOT","YR","A","1988",71.5,
"POL","LIFEEXP","TOT","YR","A","1989",71.2,
"POL","LIFEEXP","TOT","YR","A","1990",70.8,
"POL","LIFEEXP","TOT","YR","A","1991",70.5,
"POL","LIFEEXP","TOT","YR","A","1992",71.1,
"POL","LIFEEXP","TOT","YR","A","1993",71.6,
"POL","LIFEEXP","TOT","YR","A","1994",71.8,
"POL","LIFEEXP","TOT","YR","A","1995",72.1,
"POL","LIFEEXP","TOT","YR","A","1996",72.4,
"POL","LIFEEXP","TOT","YR","A","1997",72.8,
"POL","LIFEEXP","TOT","YR","A","1998",73.2,
"POL","LIFEEXP","TOT","YR","A","1999",73.2,
"POL","LIFEEXP","TOT","YR","A","2000",73.8,"B"
"POL","LIFEEXP","TOT","YR","A","2001",74.2,
"POL","LIFEEXP","TOT","YR","A","2002",74.6,
"POL","LIFEEXP","TOT","YR","A","2003",74.7,
"POL","LIFEEXP","TOT","YR","A","2004",74.9,
"POL","LIFEEXP","TOT","YR","A","2005",75.1,
"POL","LIFEEXP","TOT","YR","A","2006",75.3,
"POL","LIFEEXP","TOT","YR","A","2007",75.4,
"POL","LIFEEXP","TOT","YR","A","2008",75.7,
"POL","LIFEEXP","TOT","YR","A","2009",75.8,"B"
"POL","LIFEEXP","TOT","YR","A","2010",76.5,
"POL","LIFEEXP","TOT","YR","A","2011",76.8,
"POL","LIFEEXP","TOT","YR","A","2012",76.9,
"POL","LIFEEXP","TOT","YR","A","2013",77.1,
"POL","LIFEEXP","TOT","YR","A","2014",77.7,
"POL","LIFEEXP","TOT","YR","A","2015",77.6,
"POL","LIFEEXP","TOT","YR","A","2016",78,
"POL","LIFEEXP","TOT","YR","A","2017",77.9,
"POL","LIFEEXP","TOT","YR","A","2018",77.7,
"PRT","LIFEEXP","TOT","YR","A","1980",71.4,
"PRT","LIFEEXP","TOT","YR","A","1981",71.7,
"PRT","LIFEEXP","TOT","YR","A","1982",72.5,
"PRT","LIFEEXP","TOT","YR","A","1983",72.4,
"PRT","LIFEEXP","TOT","YR","A","1984",72.7,
"PRT","LIFEEXP","TOT","YR","A","1985",73,
"PRT","LIFEEXP","TOT","YR","A","1986",73.4,
"PRT","LIFEEXP","TOT","YR","A","1987",73.8,
"PRT","LIFEEXP","TOT","YR","A","1988",73.8,
"PRT","LIFEEXP","TOT","YR","A","1989",74.4,
"PRT","LIFEEXP","TOT","YR","A","1990",74.1,
"PRT","LIFEEXP","TOT","YR","A","1991",74.1,
"PRT","LIFEEXP","TOT","YR","A","1992",74.7,
"PRT","LIFEEXP","TOT","YR","A","1993",74.6,
"PRT","LIFEEXP","TOT","YR","A","1994",75.5,
"PRT","LIFEEXP","TOT","YR","A","1995",75.4,
"PRT","LIFEEXP","TOT","YR","A","1996",75.3,
"PRT","LIFEEXP","TOT","YR","A","1997",75.8,
"PRT","LIFEEXP","TOT","YR","A","1998",76,
"PRT","LIFEEXP","TOT","YR","A","1999",76.3,
"PRT","LIFEEXP","TOT","YR","A","2000",76.9,
"PRT","LIFEEXP","TOT","YR","A","2001",77.2,
"PRT","LIFEEXP","TOT","YR","A","2002",77.4,
"PRT","LIFEEXP","TOT","YR","A","2003",77.5,
"PRT","LIFEEXP","TOT","YR","A","2004",78.4,
"PRT","LIFEEXP","TOT","YR","A","2005",78.2,
"PRT","LIFEEXP","TOT","YR","A","2006",79,
"PRT","LIFEEXP","TOT","YR","A","2007",79.2,
"PRT","LIFEEXP","TOT","YR","A","2008",79.5,
"PRT","LIFEEXP","TOT","YR","A","2009",79.7,
"PRT","LIFEEXP","TOT","YR","A","2010",80,
"PRT","LIFEEXP","TOT","YR","A","2011",80.6,
"PRT","LIFEEXP","TOT","YR","A","2012",80.5,
"PRT","LIFEEXP","TOT","YR","A","2013",80.8,
"PRT","LIFEEXP","TOT","YR","A","2014",81.2,
"PRT","LIFEEXP","TOT","YR","A","2015",81.2,
"PRT","LIFEEXP","TOT","YR","A","2016",81.2,
"PRT","LIFEEXP","TOT","YR","A","2017",81.5,
"PRT","LIFEEXP","TOT","YR","A","2018",81.4,
"SVK","LIFEEXP","TOT","YR","A","1980",70.6,
"SVK","LIFEEXP","TOT","YR","A","1981",70.9,
"SVK","LIFEEXP","TOT","YR","A","1982",71,
"SVK","LIFEEXP","TOT","YR","A","1983",70.7,
"SVK","LIFEEXP","TOT","YR","A","1984",71,
"SVK","LIFEEXP","TOT","YR","A","1985",71,
"SVK","LIFEEXP","TOT","YR","A","1986",71.2,
"SVK","LIFEEXP","TOT","YR","A","1987",71.4,
"SVK","LIFEEXP","TOT","YR","A","1988",71.5,
"SVK","LIFEEXP","TOT","YR","A","1989",71.3,
"SVK","LIFEEXP","TOT","YR","A","1990",71.2,
"SVK","LIFEEXP","TOT","YR","A","1991",71.2,
"SVK","LIFEEXP","TOT","YR","A","1992",71.6,
"SVK","LIFEEXP","TOT","YR","A","1993",72.1,
"SVK","LIFEEXP","TOT","YR","A","1994",72.5,
"SVK","LIFEEXP","TOT","YR","A","1995",72.5,
"SVK","LIFEEXP","TOT","YR","A","1996",72.9,
"SVK","LIFEEXP","TOT","YR","A","1997",72.9,
"SVK","LIFEEXP","TOT","YR","A","1998",72.8,
"SVK","LIFEEXP","TOT","YR","A","1999",73.2,
"SVK","LIFEEXP","TOT","YR","A","2000",73.4,
"SVK","LIFEEXP","TOT","YR","A","2001",73.6,
"SVK","LIFEEXP","TOT","YR","A","2002",73.8,
"SVK","LIFEEXP","TOT","YR","A","2003",73.8,
"SVK","LIFEEXP","TOT","YR","A","2004",74.2,
"SVK","LIFEEXP","TOT","YR","A","2005",74.2,
"SVK","LIFEEXP","TOT","YR","A","2006",74.4,
"SVK","LIFEEXP","TOT","YR","A","2007",74.5,
"SVK","LIFEEXP","TOT","YR","A","2008",75,
"SVK","LIFEEXP","TOT","YR","A","2009",75.3,
"SVK","LIFEEXP","TOT","YR","A","2010",75.6,
"SVK","LIFEEXP","TOT","YR","A","2011",76.1,
"SVK","LIFEEXP","TOT","YR","A","2012",76.2,
"SVK","LIFEEXP","TOT","YR","A","2013",76.5,
"SVK","LIFEEXP","TOT","YR","A","2014",76.9,
"SVK","LIFEEXP","TOT","YR","A","2015",76.7,
"SVK","LIFEEXP","TOT","YR","A","2016",77.3,
"SVK","LIFEEXP","TOT","YR","A","2017",77.3,
"SVK","LIFEEXP","TOT","YR","A","2018",77.4,
"ESP","LIFEEXP","TOT","YR","A","1980",75.4,
"ESP","LIFEEXP","TOT","YR","A","1981",75.7,
"ESP","LIFEEXP","TOT","YR","A","1982",76.3,
"ESP","LIFEEXP","TOT","YR","A","1983",76,
"ESP","LIFEEXP","TOT","YR","A","1984",76.4,
"ESP","LIFEEXP","TOT","YR","A","1985",76.4,
"ESP","LIFEEXP","TOT","YR","A","1986",76.7,
"ESP","LIFEEXP","TOT","YR","A","1987",76.9,
"ESP","LIFEEXP","TOT","YR","A","1988",76.9,
"ESP","LIFEEXP","TOT","YR","A","1989",77,
"ESP","LIFEEXP","TOT","YR","A","1990",77,
"ESP","LIFEEXP","TOT","YR","A","1991",77.1,
"ESP","LIFEEXP","TOT","YR","A","1992",77.6,
"ESP","LIFEEXP","TOT","YR","A","1993",77.7,
"ESP","LIFEEXP","TOT","YR","A","1994",78.1,
"ESP","LIFEEXP","TOT","YR","A","1995",78.1,
"ESP","LIFEEXP","TOT","YR","A","1996",78.3,
"ESP","LIFEEXP","TOT","YR","A","1997",78.8,
"ESP","LIFEEXP","TOT","YR","A","1998",78.9,
"ESP","LIFEEXP","TOT","YR","A","1999",78.8,
"ESP","LIFEEXP","TOT","YR","A","2000",79.3,
"ESP","LIFEEXP","TOT","YR","A","2001",79.8,
"ESP","LIFEEXP","TOT","YR","A","2002",79.9,
"ESP","LIFEEXP","TOT","YR","A","2003",79.7,
"ESP","LIFEEXP","TOT","YR","A","2004",80.4,
"ESP","LIFEEXP","TOT","YR","A","2005",80.3,
"ESP","LIFEEXP","TOT","YR","A","2006",81.1,
"ESP","LIFEEXP","TOT","YR","A","2007",81.2,
"ESP","LIFEEXP","TOT","YR","A","2008",81.5,
"ESP","LIFEEXP","TOT","YR","A","2009",81.9,
"ESP","LIFEEXP","TOT","YR","A","2010",82.4,
"ESP","LIFEEXP","TOT","YR","A","2011",82.6,
"ESP","LIFEEXP","TOT","YR","A","2012",82.5,
"ESP","LIFEEXP","TOT","YR","A","2013",83.2,
"ESP","LIFEEXP","TOT","YR","A","2014",83.3,
"ESP","LIFEEXP","TOT","YR","A","2015",82.9,
"ESP","LIFEEXP","TOT","YR","A","2016",83.4,
"ESP","LIFEEXP","TOT","YR","A","2017",83.4,
"ESP","LIFEEXP","TOT","YR","A","2018",83.5,
"SWE","LIFEEXP","TOT","YR","A","1980",75.9,
"SWE","LIFEEXP","TOT","YR","A","1981",76.2,
"SWE","LIFEEXP","TOT","YR","A","1982",76.5,
"SWE","LIFEEXP","TOT","YR","A","1983",76.7,
"SWE","LIFEEXP","TOT","YR","A","1984",77,
"SWE","LIFEEXP","TOT","YR","A","1985",76.8,
"SWE","LIFEEXP","TOT","YR","A","1986",77.1,
"SWE","LIFEEXP","TOT","YR","A","1987",77.3,
"SWE","LIFEEXP","TOT","YR","A","1988",77.1,
"SWE","LIFEEXP","TOT","YR","A","1989",77.8,
"SWE","LIFEEXP","TOT","YR","A","1990",77.7,
"SWE","LIFEEXP","TOT","YR","A","1991",77.9,
"SWE","LIFEEXP","TOT","YR","A","1992",78.2,
"SWE","LIFEEXP","TOT","YR","A","1993",78.2,
"SWE","LIFEEXP","TOT","YR","A","1994",78.9,
"SWE","LIFEEXP","TOT","YR","A","1995",79,
"SWE","LIFEEXP","TOT","YR","A","1996",79.2,
"SWE","LIFEEXP","TOT","YR","A","1997",79.4,
"SWE","LIFEEXP","TOT","YR","A","1998",79.5,
"SWE","LIFEEXP","TOT","YR","A","1999",79.6,
"SWE","LIFEEXP","TOT","YR","A","2000",79.7,
"SWE","LIFEEXP","TOT","YR","A","2001",79.9,
"SWE","LIFEEXP","TOT","YR","A","2002",79.9,
"SWE","LIFEEXP","TOT","YR","A","2003",80.3,
"SWE","LIFEEXP","TOT","YR","A","2004",80.6,
"SWE","LIFEEXP","TOT","YR","A","2005",80.7,
"SWE","LIFEEXP","TOT","YR","A","2006",81,
"SWE","LIFEEXP","TOT","YR","A","2007",81.1,
"SWE","LIFEEXP","TOT","YR","A","2008",81.3,
"SWE","LIFEEXP","TOT","YR","A","2009",81.5,
"SWE","LIFEEXP","TOT","YR","A","2010",81.6,
"SWE","LIFEEXP","TOT","YR","A","2011",81.9,
"SWE","LIFEEXP","TOT","YR","A","2012",81.8,
"SWE","LIFEEXP","TOT","YR","A","2013",82,
"SWE","LIFEEXP","TOT","YR","A","2014",82.3,
"SWE","LIFEEXP","TOT","YR","A","2015",82.3,
"SWE","LIFEEXP","TOT","YR","A","2016",82.4,
"SWE","LIFEEXP","TOT","YR","A","2017",82.5,
"SWE","LIFEEXP","TOT","YR","A","2018",82.6,
"CHE","LIFEEXP","TOT","YR","A","1980",75.7,
"CHE","LIFEEXP","TOT","YR","A","1981",75.9,
"CHE","LIFEEXP","TOT","YR","A","1982",76.2,
"CHE","LIFEEXP","TOT","YR","A","1983",76.2,
"CHE","LIFEEXP","TOT","YR","A","1984",76.9,
"CHE","LIFEEXP","TOT","YR","A","1985",77,
"CHE","LIFEEXP","TOT","YR","A","1986",77.1,
"CHE","LIFEEXP","TOT","YR","A","1987",77.5,
"CHE","LIFEEXP","TOT","YR","A","1988",77.5,
"CHE","LIFEEXP","TOT","YR","A","1989",77.7,
"CHE","LIFEEXP","TOT","YR","A","1990",77.5,
"CHE","LIFEEXP","TOT","YR","A","1991",77.8,
"CHE","LIFEEXP","TOT","YR","A","1992",78.1,
"CHE","LIFEEXP","TOT","YR","A","1993",78.4,
"CHE","LIFEEXP","TOT","YR","A","1994",78.6,
"CHE","LIFEEXP","TOT","YR","A","1995",78.7,
"CHE","LIFEEXP","TOT","YR","A","1996",79.1,
"CHE","LIFEEXP","TOT","YR","A","1997",79.3,
"CHE","LIFEEXP","TOT","YR","A","1998",79.6,
"CHE","LIFEEXP","TOT","YR","A","1999",79.8,
"CHE","LIFEEXP","TOT","YR","A","2000",79.9,
"CHE","LIFEEXP","TOT","YR","A","2001",80.4,
"CHE","LIFEEXP","TOT","YR","A","2002",80.6,
"CHE","LIFEEXP","TOT","YR","A","2003",80.6,
"CHE","LIFEEXP","TOT","YR","A","2004",81.2,
"CHE","LIFEEXP","TOT","YR","A","2005",81.4,
"CHE","LIFEEXP","TOT","YR","A","2006",81.7,
"CHE","LIFEEXP","TOT","YR","A","2007",82,
"CHE","LIFEEXP","TOT","YR","A","2008",82.2,
"CHE","LIFEEXP","TOT","YR","A","2009",82.3,
"CHE","LIFEEXP","TOT","YR","A","2010",82.6,
"CHE","LIFEEXP","TOT","YR","A","2011",82.8,"B"
"CHE","LIFEEXP","TOT","YR","A","2012",82.8,
"CHE","LIFEEXP","TOT","YR","A","2013",82.9,
"CHE","LIFEEXP","TOT","YR","A","2014",83.3,
"CHE","LIFEEXP","TOT","YR","A","2015",83,
"CHE","LIFEEXP","TOT","YR","A","2016",83.7,
"CHE","LIFEEXP","TOT","YR","A","2017",83.6,
"CHE","LIFEEXP","TOT","YR","A","2018",83.8,
"TUR","LIFEEXP","TOT","YR","A","1980",58.1,
"TUR","LIFEEXP","TOT","YR","A","1981",58.5,
"TUR","LIFEEXP","TOT","YR","A","1982",58.9,
"TUR","LIFEEXP","TOT","YR","A","1983",59.7,
"TUR","LIFEEXP","TOT","YR","A","1984",60.9,
"TUR","LIFEEXP","TOT","YR","A","1985",62.1,
"TUR","LIFEEXP","TOT","YR","A","1986",63.2,
"TUR","LIFEEXP","TOT","YR","A","1987",64.4,
"TUR","LIFEEXP","TOT","YR","A","1988",65.2,
"TUR","LIFEEXP","TOT","YR","A","1989",65.7,
"TUR","LIFEEXP","TOT","YR","A","1990",67.5,"B"
"TUR","LIFEEXP","TOT","YR","A","1991",67.8,
"TUR","LIFEEXP","TOT","YR","A","1992",68.2,
"TUR","LIFEEXP","TOT","YR","A","1993",68.5,
"TUR","LIFEEXP","TOT","YR","A","1994",68.9,
"TUR","LIFEEXP","TOT","YR","A","1995",69.3,
"TUR","LIFEEXP","TOT","YR","A","1996",69.7,
"TUR","LIFEEXP","TOT","YR","A","1997",70.1,
"TUR","LIFEEXP","TOT","YR","A","1998",70.3,
"TUR","LIFEEXP","TOT","YR","A","1999",70.7,
"TUR","LIFEEXP","TOT","YR","A","2000",71.1,
"TUR","LIFEEXP","TOT","YR","A","2001",71.5,
"TUR","LIFEEXP","TOT","YR","A","2002",71.9,
"TUR","LIFEEXP","TOT","YR","A","2003",72.3,
"TUR","LIFEEXP","TOT","YR","A","2004",72.7,
"TUR","LIFEEXP","TOT","YR","A","2005",73.1,
"TUR","LIFEEXP","TOT","YR","A","2006",73.4,
"TUR","LIFEEXP","TOT","YR","A","2007",73.7,
"TUR","LIFEEXP","TOT","YR","A","2008",73.9,
"TUR","LIFEEXP","TOT","YR","A","2009",74.1,
"TUR","LIFEEXP","TOT","YR","A","2010",74.3,
"TUR","LIFEEXP","TOT","YR","A","2011",74.6,
"TUR","LIFEEXP","TOT","YR","A","2012",74.6,
"TUR","LIFEEXP","TOT","YR","A","2013",78,"B"
"TUR","LIFEEXP","TOT","YR","A","2014",78,
"TUR","LIFEEXP","TOT","YR","A","2015",78,
"TUR","LIFEEXP","TOT","YR","A","2016",78,
"TUR","LIFEEXP","TOT","YR","A","2017",78.1,
"TUR","LIFEEXP","TOT","YR","A","2018",78.3,
"GBR","LIFEEXP","TOT","YR","A","1980",73.2,
"GBR","LIFEEXP","TOT","YR","A","1981",73.8,
"GBR","LIFEEXP","TOT","YR","A","1982",74.1,
"GBR","LIFEEXP","TOT","YR","A","1983",74.3,
"GBR","LIFEEXP","TOT","YR","A","1984",74.5,
"GBR","LIFEEXP","TOT","YR","A","1985",74.7,
"GBR","LIFEEXP","TOT","YR","A","1986",74.8,
"GBR","LIFEEXP","TOT","YR","A","1987",75.2,
"GBR","LIFEEXP","TOT","YR","A","1988",75.3,
"GBR","LIFEEXP","TOT","YR","A","1989",75.4,
"GBR","LIFEEXP","TOT","YR","A","1990",75.7,
"GBR","LIFEEXP","TOT","YR","A","1991",75.9,
"GBR","LIFEEXP","TOT","YR","A","1992",76.3,
"GBR","LIFEEXP","TOT","YR","A","1993",76.2,
"GBR","LIFEEXP","TOT","YR","A","1994",76.8,
"GBR","LIFEEXP","TOT","YR","A","1995",76.7,
"GBR","LIFEEXP","TOT","YR","A","1996",76.9,
"GBR","LIFEEXP","TOT","YR","A","1997",77.2,
"GBR","LIFEEXP","TOT","YR","A","1998",77.3,
"GBR","LIFEEXP","TOT","YR","A","1999",77.5,
"GBR","LIFEEXP","TOT","YR","A","2000",77.9,
"GBR","LIFEEXP","TOT","YR","A","2001",78.2,
"GBR","LIFEEXP","TOT","YR","A","2002",78.3,
"GBR","LIFEEXP","TOT","YR","A","2003",78.4,
"GBR","LIFEEXP","TOT","YR","A","2004",79,
"GBR","LIFEEXP","TOT","YR","A","2005",79.2,
"GBR","LIFEEXP","TOT","YR","A","2006",79.5,
"GBR","LIFEEXP","TOT","YR","A","2007",79.7,
"GBR","LIFEEXP","TOT","YR","A","2008",79.8,
"GBR","LIFEEXP","TOT","YR","A","2009",80.4,
"GBR","LIFEEXP","TOT","YR","A","2010",80.6,
"GBR","LIFEEXP","TOT","YR","A","2011",81,
"GBR","LIFEEXP","TOT","YR","A","2012",81,
"GBR","LIFEEXP","TOT","YR","A","2013",81.1,
"GBR","LIFEEXP","TOT","YR","A","2014",81.4,
"GBR","LIFEEXP","TOT","YR","A","2015",81,
"GBR","LIFEEXP","TOT","YR","A","2016",81.2,
"GBR","LIFEEXP","TOT","YR","A","2017",81.3,
"GBR","LIFEEXP","TOT","YR","A","2018",81.3,
"USA","LIFEEXP","TOT","YR","A","1980",73.7,
"USA","LIFEEXP","TOT","YR","A","1981",74.1,
"USA","LIFEEXP","TOT","YR","A","1982",74.5,
"USA","LIFEEXP","TOT","YR","A","1983",74.6,
"USA","LIFEEXP","TOT","YR","A","1984",74.7,
"USA","LIFEEXP","TOT","YR","A","1985",74.7,
"USA","LIFEEXP","TOT","YR","A","1986",74.7,
"USA","LIFEEXP","TOT","YR","A","1987",74.9,
"USA","LIFEEXP","TOT","YR","A","1988",74.9,
"USA","LIFEEXP","TOT","YR","A","1989",75.1,
"USA","LIFEEXP","TOT","YR","A","1990",75.3,
"USA","LIFEEXP","TOT","YR","A","1991",75.5,
"USA","LIFEEXP","TOT","YR","A","1992",75.7,
"USA","LIFEEXP","TOT","YR","A","1993",75.5,
"USA","LIFEEXP","TOT","YR","A","1994",75.7,
"USA","LIFEEXP","TOT","YR","A","1995",75.7,
"USA","LIFEEXP","TOT","YR","A","1996",76.1,
"USA","LIFEEXP","TOT","YR","A","1997",76.5,
"USA","LIFEEXP","TOT","YR","A","1998",76.7,
"USA","LIFEEXP","TOT","YR","A","1999",76.7,
"USA","LIFEEXP","TOT","YR","A","2000",76.7,
"USA","LIFEEXP","TOT","YR","A","2001",76.9,
"USA","LIFEEXP","TOT","YR","A","2002",77,
"USA","LIFEEXP","TOT","YR","A","2003",77.1,
"USA","LIFEEXP","TOT","YR","A","2004",77.6,
"USA","LIFEEXP","TOT","YR","A","2005",77.6,
"USA","LIFEEXP","TOT","YR","A","2006",77.8,
"USA","LIFEEXP","TOT","YR","A","2007",78.1,
"USA","LIFEEXP","TOT","YR","A","2008",78.1,
"USA","LIFEEXP","TOT","YR","A","2009",78.5,
"USA","LIFEEXP","TOT","YR","A","2010",78.6,
"USA","LIFEEXP","TOT","YR","A","2011",78.7,
"USA","LIFEEXP","TOT","YR","A","2012",78.8,
"USA","LIFEEXP","TOT","YR","A","2013",78.8,
"USA","LIFEEXP","TOT","YR","A","2014",78.9,
"USA","LIFEEXP","TOT","YR","A","2015",78.7,
"USA","LIFEEXP","TOT","YR","A","2016",78.7,
"USA","LIFEEXP","TOT","YR","A","2017",78.6,
"USA","LIFEEXP","TOT","YR","A","2018",78.7,
"BRA","LIFEEXP","TOT","YR","A","1980",62.7,
"BRA","LIFEEXP","TOT","YR","A","1981",63.1,
"BRA","LIFEEXP","TOT","YR","A","1982",63.4,
"BRA","LIFEEXP","TOT","YR","A","1983",63.8,
"BRA","LIFEEXP","TOT","YR","A","1984",64.1,
"BRA","LIFEEXP","TOT","YR","A","1985",64.5,
"BRA","LIFEEXP","TOT","YR","A","1986",64.9,
"BRA","LIFEEXP","TOT","YR","A","1987",65.3,
"BRA","LIFEEXP","TOT","YR","A","1988",65.7,
"BRA","LIFEEXP","TOT","YR","A","1989",66,
"BRA","LIFEEXP","TOT","YR","A","1990",66.4,
"BRA","LIFEEXP","TOT","YR","A","1991",66.8,
"BRA","LIFEEXP","TOT","YR","A","1992",67.2,
"BRA","LIFEEXP","TOT","YR","A","1993",67.6,
"BRA","LIFEEXP","TOT","YR","A","1994",68,
"BRA","LIFEEXP","TOT","YR","A","1995",68.4,
"BRA","LIFEEXP","TOT","YR","A","1996",68.8,
"BRA","LIFEEXP","TOT","YR","A","1997",69.2,
"BRA","LIFEEXP","TOT","YR","A","1998",69.5,
"BRA","LIFEEXP","TOT","YR","A","1999",69.9,
"BRA","LIFEEXP","TOT","YR","A","2000",70.2,
"BRA","LIFEEXP","TOT","YR","A","2001",70.6,
"BRA","LIFEEXP","TOT","YR","A","2002",70.9,
"BRA","LIFEEXP","TOT","YR","A","2003",71.3,
"BRA","LIFEEXP","TOT","YR","A","2004",71.6,
"BRA","LIFEEXP","TOT","YR","A","2005",72,
"BRA","LIFEEXP","TOT","YR","A","2006",72.3,
"BRA","LIFEEXP","TOT","YR","A","2007",72.7,
"BRA","LIFEEXP","TOT","YR","A","2008",73,
"BRA","LIFEEXP","TOT","YR","A","2009",73.4,
"BRA","LIFEEXP","TOT","YR","A","2010",73.7,
"BRA","LIFEEXP","TOT","YR","A","2011",74,
"BRA","LIFEEXP","TOT","YR","A","2012",74.2,
"BRA","LIFEEXP","TOT","YR","A","2013",74.5,
"BRA","LIFEEXP","TOT","YR","A","2014",74.8,
"BRA","LIFEEXP","TOT","YR","A","2015",75,
"BRA","LIFEEXP","TOT","YR","A","2016",75.3,
"BRA","LIFEEXP","TOT","YR","A","2017",75.5,
"BRA","LIFEEXP","TOT","YR","A","2018",75.7,
"CHL","LIFEEXP","TOT","YR","A","1980",69.1,
"CHL","LIFEEXP","TOT","YR","A","1981",69.7,
"CHL","LIFEEXP","TOT","YR","A","1982",70.3,
"CHL","LIFEEXP","TOT","YR","A","1983",70.8,
"CHL","LIFEEXP","TOT","YR","A","1984",71.3,
"CHL","LIFEEXP","TOT","YR","A","1985",71.7,
"CHL","LIFEEXP","TOT","YR","A","1986",72.1,
"CHL","LIFEEXP","TOT","YR","A","1987",72.5,
"CHL","LIFEEXP","TOT","YR","A","1988",72.8,
"CHL","LIFEEXP","TOT","YR","A","1989",73.2,
"CHL","LIFEEXP","TOT","YR","A","1990",72.9,"B"
"CHL","LIFEEXP","TOT","YR","A","1991",74,
"CHL","LIFEEXP","TOT","YR","A","1992",74.2,
"CHL","LIFEEXP","TOT","YR","A","1993",74.5,
"CHL","LIFEEXP","TOT","YR","A","1994",74.8,
"CHL","LIFEEXP","TOT","YR","A","1995",75,
"CHL","LIFEEXP","TOT","YR","A","1996",75.3,
"CHL","LIFEEXP","TOT","YR","A","1997",75.6,
"CHL","LIFEEXP","TOT","YR","A","1998",75.9,
"CHL","LIFEEXP","TOT","YR","A","1999",76.2,
"CHL","LIFEEXP","TOT","YR","A","2000",76.4,
"CHL","LIFEEXP","TOT","YR","A","2001",76.7,
"CHL","LIFEEXP","TOT","YR","A","2002",77,
"CHL","LIFEEXP","TOT","YR","A","2003",77.2,
"CHL","LIFEEXP","TOT","YR","A","2004",77.4,
"CHL","LIFEEXP","TOT","YR","A","2005",77.7,
"CHL","LIFEEXP","TOT","YR","A","2006",77.9,
"CHL","LIFEEXP","TOT","YR","A","2007",78.1,
"CHL","LIFEEXP","TOT","YR","A","2008",78.3,
"CHL","LIFEEXP","TOT","YR","A","2009",78.6,
"CHL","LIFEEXP","TOT","YR","A","2010",78.8,
"CHL","LIFEEXP","TOT","YR","A","2011",79,
"CHL","LIFEEXP","TOT","YR","A","2012",79.2,
"CHL","LIFEEXP","TOT","YR","A","2013",79.4,
"CHL","LIFEEXP","TOT","YR","A","2014",79.6,
"CHL","LIFEEXP","TOT","YR","A","2015",79.8,
"CHL","LIFEEXP","TOT","YR","A","2016",80,
"CHL","LIFEEXP","TOT","YR","A","2017",80.2,
"CHL","LIFEEXP","TOT","YR","A","2018",80.4,
"CHN","LIFEEXP","TOT","YR","A","1980",66.9,
"CHN","LIFEEXP","TOT","YR","A","1981",67.3,
"CHN","LIFEEXP","TOT","YR","A","1982",67.7,
"CHN","LIFEEXP","TOT","YR","A","1983",68,
"CHN","LIFEEXP","TOT","YR","A","1984",68.3,
"CHN","LIFEEXP","TOT","YR","A","1985",68.5,
"CHN","LIFEEXP","TOT","YR","A","1986",68.7,
"CHN","LIFEEXP","TOT","YR","A","1987",68.9,
"CHN","LIFEEXP","TOT","YR","A","1988",69,
"CHN","LIFEEXP","TOT","YR","A","1989",69.1,
"CHN","LIFEEXP","TOT","YR","A","1990",69.2,
"CHN","LIFEEXP","TOT","YR","A","1991",69.3,
"CHN","LIFEEXP","TOT","YR","A","1992",69.5,
"CHN","LIFEEXP","TOT","YR","A","1993",69.6,
"CHN","LIFEEXP","TOT","YR","A","1994",69.8,
"CHN","LIFEEXP","TOT","YR","A","1995",70,
"CHN","LIFEEXP","TOT","YR","A","1996",70.3,
"CHN","LIFEEXP","TOT","YR","A","1997",70.6,
"CHN","LIFEEXP","TOT","YR","A","1998",70.9,
"CHN","LIFEEXP","TOT","YR","A","1999",71.2,
"CHN","LIFEEXP","TOT","YR","A","2000",71.5,
"CHN","LIFEEXP","TOT","YR","A","2001",71.8,
"CHN","LIFEEXP","TOT","YR","A","2002",72.2,
"CHN","LIFEEXP","TOT","YR","A","2003",72.5,
"CHN","LIFEEXP","TOT","YR","A","2004",72.8,
"CHN","LIFEEXP","TOT","YR","A","2005",73.1,
"CHN","LIFEEXP","TOT","YR","A","2006",73.4,
"CHN","LIFEEXP","TOT","YR","A","2007",73.6,
"CHN","LIFEEXP","TOT","YR","A","2008",73.9,
"CHN","LIFEEXP","TOT","YR","A","2009",74.2,
"CHN","LIFEEXP","TOT","YR","A","2010",74.5,
"CHN","LIFEEXP","TOT","YR","A","2011",74.8,
"CHN","LIFEEXP","TOT","YR","A","2012",75.1,
"CHN","LIFEEXP","TOT","YR","A","2013",75.4,
"CHN","LIFEEXP","TOT","YR","A","2014",75.7,
"CHN","LIFEEXP","TOT","YR","A","2015",76,
"CHN","LIFEEXP","TOT","YR","A","2016",76.3,
"CHN","LIFEEXP","TOT","YR","A","2017",76.6,
"CHN","LIFEEXP","TOT","YR","A","2018",76.8,
"EST","LIFEEXP","TOT","YR","A","1980",69.3,
"EST","LIFEEXP","TOT","YR","A","1981",69.1,
"EST","LIFEEXP","TOT","YR","A","1982",69.7,
"EST","LIFEEXP","TOT","YR","A","1983",69.6,
"EST","LIFEEXP","TOT","YR","A","1984",69.5,
"EST","LIFEEXP","TOT","YR","A","1985",69.6,
"EST","LIFEEXP","TOT","YR","A","1986",70.7,
"EST","LIFEEXP","TOT","YR","A","1987",70.7,
"EST","LIFEEXP","TOT","YR","A","1988",70.8,
"EST","LIFEEXP","TOT","YR","A","1989",70.3,
"EST","LIFEEXP","TOT","YR","A","1990",69.8,
"EST","LIFEEXP","TOT","YR","A","1991",69.7,
"EST","LIFEEXP","TOT","YR","A","1992",69.1,
"EST","LIFEEXP","TOT","YR","A","1993",68.2,
"EST","LIFEEXP","TOT","YR","A","1994",66.8,
"EST","LIFEEXP","TOT","YR","A","1995",67.9,
"EST","LIFEEXP","TOT","YR","A","1996",69.9,
"EST","LIFEEXP","TOT","YR","A","1997",70.1,
"EST","LIFEEXP","TOT","YR","A","1998",69.7,
"EST","LIFEEXP","TOT","YR","A","1999",70.6,
"EST","LIFEEXP","TOT","YR","A","2000",71,
"EST","LIFEEXP","TOT","YR","A","2001",70.9,
"EST","LIFEEXP","TOT","YR","A","2002",71.4,
"EST","LIFEEXP","TOT","YR","A","2003",71.8,
"EST","LIFEEXP","TOT","YR","A","2004",72.4,
"EST","LIFEEXP","TOT","YR","A","2005",72.9,
"EST","LIFEEXP","TOT","YR","A","2006",73.1,
"EST","LIFEEXP","TOT","YR","A","2007",73.2,
"EST","LIFEEXP","TOT","YR","A","2008",74.2,
"EST","LIFEEXP","TOT","YR","A","2009",75.2,
"EST","LIFEEXP","TOT","YR","A","2010",75.9,
"EST","LIFEEXP","TOT","YR","A","2011",76.4,
"EST","LIFEEXP","TOT","YR","A","2012",76.5,
"EST","LIFEEXP","TOT","YR","A","2013",77.3,
"EST","LIFEEXP","TOT","YR","A","2014",77.2,
"EST","LIFEEXP","TOT","YR","A","2015",77.7,
"EST","LIFEEXP","TOT","YR","A","2016",77.8,
"EST","LIFEEXP","TOT","YR","A","2017",78.2,
"EST","LIFEEXP","TOT","YR","A","2018",78.4,
"IND","LIFEEXP","TOT","YR","A","1980",53.8,
"IND","LIFEEXP","TOT","YR","A","1981",54.3,
"IND","LIFEEXP","TOT","YR","A","1982",54.7,
"IND","LIFEEXP","TOT","YR","A","1983",55.1,
"IND","LIFEEXP","TOT","YR","A","1984",55.5,
"IND","LIFEEXP","TOT","YR","A","1985",55.8,
"IND","LIFEEXP","TOT","YR","A","1986",56.2,
"IND","LIFEEXP","TOT","YR","A","1987",56.6,
"IND","LIFEEXP","TOT","YR","A","1988",57,
"IND","LIFEEXP","TOT","YR","A","1989",57.4,
"IND","LIFEEXP","TOT","YR","A","1990",57.9,
"IND","LIFEEXP","TOT","YR","A","1991",58.4,
"IND","LIFEEXP","TOT","YR","A","1992",58.9,
"IND","LIFEEXP","TOT","YR","A","1993",59.4,
"IND","LIFEEXP","TOT","YR","A","1994",59.9,
"IND","LIFEEXP","TOT","YR","A","1995",60.3,
"IND","LIFEEXP","TOT","YR","A","1996",60.8,
"IND","LIFEEXP","TOT","YR","A","1997",61.3,
"IND","LIFEEXP","TOT","YR","A","1998",61.7,
"IND","LIFEEXP","TOT","YR","A","1999",62.1,
"IND","LIFEEXP","TOT","YR","A","2000",62.5,
"IND","LIFEEXP","TOT","YR","A","2001",62.9,
"IND","LIFEEXP","TOT","YR","A","2002",63.3,
"IND","LIFEEXP","TOT","YR","A","2003",63.7,
"IND","LIFEEXP","TOT","YR","A","2004",64.1,
"IND","LIFEEXP","TOT","YR","A","2005",64.5,
"IND","LIFEEXP","TOT","YR","A","2006",64.9,
"IND","LIFEEXP","TOT","YR","A","2007",65.4,
"IND","LIFEEXP","TOT","YR","A","2008",65.8,
"IND","LIFEEXP","TOT","YR","A","2009",66.3,
"IND","LIFEEXP","TOT","YR","A","2010",66.7,
"IND","LIFEEXP","TOT","YR","A","2011",67.2,
"IND","LIFEEXP","TOT","YR","A","2012",67.6,
"IND","LIFEEXP","TOT","YR","A","2013",68,
"IND","LIFEEXP","TOT","YR","A","2014",68.3,
"IND","LIFEEXP","TOT","YR","A","2015",68.7,
"IND","LIFEEXP","TOT","YR","A","2016",68.9,
"IND","LIFEEXP","TOT","YR","A","2017",69.2,
"IND","LIFEEXP","TOT","YR","A","2018",69.5,
"IDN","LIFEEXP","TOT","YR","A","1980",58,
"IDN","LIFEEXP","TOT","YR","A","1981",58.5,
"IDN","LIFEEXP","TOT","YR","A","1982",59,
"IDN","LIFEEXP","TOT","YR","A","1983",59.4,
"IDN","LIFEEXP","TOT","YR","A","1984",59.9,
"IDN","LIFEEXP","TOT","YR","A","1985",60.3,
"IDN","LIFEEXP","TOT","YR","A","1986",60.7,
"IDN","LIFEEXP","TOT","YR","A","1987",61.1,
"IDN","LIFEEXP","TOT","YR","A","1988",61.5,
"IDN","LIFEEXP","TOT","YR","A","1989",61.9,
"IDN","LIFEEXP","TOT","YR","A","1990",62.3,
"IDN","LIFEEXP","TOT","YR","A","1991",62.7,
"IDN","LIFEEXP","TOT","YR","A","1992",63.1,
"IDN","LIFEEXP","TOT","YR","A","1993",63.5,
"IDN","LIFEEXP","TOT","YR","A","1994",63.9,
"IDN","LIFEEXP","TOT","YR","A","1995",64.3,
"IDN","LIFEEXP","TOT","YR","A","1996",64.6,
"IDN","LIFEEXP","TOT","YR","A","1997",65,
"IDN","LIFEEXP","TOT","YR","A","1998",65.2,
"IDN","LIFEEXP","TOT","YR","A","1999",65.5,
"IDN","LIFEEXP","TOT","YR","A","2000",65.8,
"IDN","LIFEEXP","TOT","YR","A","2001",66,
"IDN","LIFEEXP","TOT","YR","A","2002",66.3,
"IDN","LIFEEXP","TOT","YR","A","2003",66.6,
"IDN","LIFEEXP","TOT","YR","A","2004",67,
"IDN","LIFEEXP","TOT","YR","A","2005",67.3,
"IDN","LIFEEXP","TOT","YR","A","2006",67.7,
"IDN","LIFEEXP","TOT","YR","A","2007",68.1,
"IDN","LIFEEXP","TOT","YR","A","2008",68.5,
"IDN","LIFEEXP","TOT","YR","A","2009",68.9,
"IDN","LIFEEXP","TOT","YR","A","2010",69.2,
"IDN","LIFEEXP","TOT","YR","A","2011",69.6,
"IDN","LIFEEXP","TOT","YR","A","2012",69.9,
"IDN","LIFEEXP","TOT","YR","A","2013",70.2,
"IDN","LIFEEXP","TOT","YR","A","2014",70.5,
"IDN","LIFEEXP","TOT","YR","A","2015",70.8,
"IDN","LIFEEXP","TOT","YR","A","2016",71.1,
"IDN","LIFEEXP","TOT","YR","A","2017",71.3,
"IDN","LIFEEXP","TOT","YR","A","2018",71.6,
"ISR","LIFEEXP","TOT","YR","A","1980",73.9,
"ISR","LIFEEXP","TOT","YR","A","1981",74.3,
"ISR","LIFEEXP","TOT","YR","A","1982",74.2,
"ISR","LIFEEXP","TOT","YR","A","1983",74.5,
"ISR","LIFEEXP","TOT","YR","A","1984",74.9,
"ISR","LIFEEXP","TOT","YR","A","1985",75.3,
"ISR","LIFEEXP","TOT","YR","A","1986",75,
"ISR","LIFEEXP","TOT","YR","A","1987",75.3,
"ISR","LIFEEXP","TOT","YR","A","1988",75.7,
"ISR","LIFEEXP","TOT","YR","A","1989",76.4,
"ISR","LIFEEXP","TOT","YR","A","1990",76.7,
"ISR","LIFEEXP","TOT","YR","A","1991",76.8,
"ISR","LIFEEXP","TOT","YR","A","1992",76.6,
"ISR","LIFEEXP","TOT","YR","A","1993",77.2,
"ISR","LIFEEXP","TOT","YR","A","1994",77.5,
"ISR","LIFEEXP","TOT","YR","A","1995",77.5,
"ISR","LIFEEXP","TOT","YR","A","1996",78.2,
"ISR","LIFEEXP","TOT","YR","A","1997",78.1,
"ISR","LIFEEXP","TOT","YR","A","1998",78.2,
"ISR","LIFEEXP","TOT","YR","A","1999",78.5,
"ISR","LIFEEXP","TOT","YR","A","2000",78.8,
"ISR","LIFEEXP","TOT","YR","A","2001",79.3,
"ISR","LIFEEXP","TOT","YR","A","2002",79.5,
"ISR","LIFEEXP","TOT","YR","A","2003",79.7,
"ISR","LIFEEXP","TOT","YR","A","2004",80.2,
"ISR","LIFEEXP","TOT","YR","A","2005",80.2,
"ISR","LIFEEXP","TOT","YR","A","2006",80.6,
"ISR","LIFEEXP","TOT","YR","A","2007",80.6,
"ISR","LIFEEXP","TOT","YR","A","2008",81,
"ISR","LIFEEXP","TOT","YR","A","2009",81.5,"B"
"ISR","LIFEEXP","TOT","YR","A","2010",81.7,
"ISR","LIFEEXP","TOT","YR","A","2011",81.7,
"ISR","LIFEEXP","TOT","YR","A","2012",81.8,
"ISR","LIFEEXP","TOT","YR","A","2013",82.1,
"ISR","LIFEEXP","TOT","YR","A","2014",82.2,
"ISR","LIFEEXP","TOT","YR","A","2015",82.1,
"ISR","LIFEEXP","TOT","YR","A","2016",82.5,
"ISR","LIFEEXP","TOT","YR","A","2017",82.6,
"ISR","LIFEEXP","TOT","YR","A","2018",82.9,
"RUS","LIFEEXP","TOT","YR","A","1980",67.2,
"RUS","LIFEEXP","TOT","YR","A","1981",67.4,
"RUS","LIFEEXP","TOT","YR","A","1982",67.9,
"RUS","LIFEEXP","TOT","YR","A","1983",67.8,
"RUS","LIFEEXP","TOT","YR","A","1984",67.3,
"RUS","LIFEEXP","TOT","YR","A","1985",68,
"RUS","LIFEEXP","TOT","YR","A","1986",69.5,
"RUS","LIFEEXP","TOT","YR","A","1987",69.6,
"RUS","LIFEEXP","TOT","YR","A","1988",69.6,
"RUS","LIFEEXP","TOT","YR","A","1989",69.3,
"RUS","LIFEEXP","TOT","YR","A","1990",69,
"RUS","LIFEEXP","TOT","YR","A","1991",68.8,
"RUS","LIFEEXP","TOT","YR","A","1992",67.8,
"RUS","LIFEEXP","TOT","YR","A","1993",65.3,
"RUS","LIFEEXP","TOT","YR","A","1994",64.3,
"RUS","LIFEEXP","TOT","YR","A","1995",64.9,
"RUS","LIFEEXP","TOT","YR","A","1996",66,
"RUS","LIFEEXP","TOT","YR","A","1997",66.8,
"RUS","LIFEEXP","TOT","YR","A","1998",67.2,
"RUS","LIFEEXP","TOT","YR","A","1999",66.1,
"RUS","LIFEEXP","TOT","YR","A","2000",65.6,
"RUS","LIFEEXP","TOT","YR","A","2001",65.5,
"RUS","LIFEEXP","TOT","YR","A","2002",65.3,
"RUS","LIFEEXP","TOT","YR","A","2003",65.2,
"RUS","LIFEEXP","TOT","YR","A","2004",65.6,
"RUS","LIFEEXP","TOT","YR","A","2005",65.7,
"RUS","LIFEEXP","TOT","YR","A","2006",66.9,
"RUS","LIFEEXP","TOT","YR","A","2007",67.7,
"RUS","LIFEEXP","TOT","YR","A","2008",68.1,
"RUS","LIFEEXP","TOT","YR","A","2009",68.8,
"RUS","LIFEEXP","TOT","YR","A","2010",69,
"RUS","LIFEEXP","TOT","YR","A","2011",69.8,
"RUS","LIFEEXP","TOT","YR","A","2012",70.2,
"RUS","LIFEEXP","TOT","YR","A","2013",70.7,
"RUS","LIFEEXP","TOT","YR","A","2014",70.9,"B"
"RUS","LIFEEXP","TOT","YR","A","2015",71.3,
"RUS","LIFEEXP","TOT","YR","A","2016",71.8,
"RUS","LIFEEXP","TOT","YR","A","2017",72.6,
"RUS","LIFEEXP","TOT","YR","A","2018",72.8,
"SVN","LIFEEXP","TOT","YR","A","1982",71.2,
"SVN","LIFEEXP","TOT","YR","A","1983",71,
"SVN","LIFEEXP","TOT","YR","A","1984",71.4,
"SVN","LIFEEXP","TOT","YR","A","1985",71.9,
"SVN","LIFEEXP","TOT","YR","A","1986",72.4,
"SVN","LIFEEXP","TOT","YR","A","1987",72.4,
"SVN","LIFEEXP","TOT","YR","A","1988",73,
"SVN","LIFEEXP","TOT","YR","A","1989",73.4,
"SVN","LIFEEXP","TOT","YR","A","1990",73.8,
"SVN","LIFEEXP","TOT","YR","A","1991",73.5,
"SVN","LIFEEXP","TOT","YR","A","1992",73.6,
"SVN","LIFEEXP","TOT","YR","A","1993",73.5,
"SVN","LIFEEXP","TOT","YR","A","1994",74,
"SVN","LIFEEXP","TOT","YR","A","1995",74.7,
"SVN","LIFEEXP","TOT","YR","A","1996",75.1,
"SVN","LIFEEXP","TOT","YR","A","1997",75.1,
"SVN","LIFEEXP","TOT","YR","A","1998",75.3,
"SVN","LIFEEXP","TOT","YR","A","1999",75.7,
"SVN","LIFEEXP","TOT","YR","A","2000",76.1,
"SVN","LIFEEXP","TOT","YR","A","2001",76.4,
"SVN","LIFEEXP","TOT","YR","A","2002",76.6,
"SVN","LIFEEXP","TOT","YR","A","2003",76.4,
"SVN","LIFEEXP","TOT","YR","A","2004",77.2,
"SVN","LIFEEXP","TOT","YR","A","2005",77.4,
"SVN","LIFEEXP","TOT","YR","A","2006",78.3,
"SVN","LIFEEXP","TOT","YR","A","2007",78.3,
"SVN","LIFEEXP","TOT","YR","A","2008",79.1,"B"
"SVN","LIFEEXP","TOT","YR","A","2009",79.3,
"SVN","LIFEEXP","TOT","YR","A","2010",79.8,
"SVN","LIFEEXP","TOT","YR","A","2011",80.1,
"SVN","LIFEEXP","TOT","YR","A","2012",80.2,
"SVN","LIFEEXP","TOT","YR","A","2013",80.4,
"SVN","LIFEEXP","TOT","YR","A","2014",81.2,
"SVN","LIFEEXP","TOT","YR","A","2015",80.9,
"SVN","LIFEEXP","TOT","YR","A","2016",81.3,
"SVN","LIFEEXP","TOT","YR","A","2017",81.1,
"SVN","LIFEEXP","TOT","YR","A","2018",81.5,
"ZAF","LIFEEXP","TOT","YR","A","1980",58.2,
"ZAF","LIFEEXP","TOT","YR","A","1981",58.7,
"ZAF","LIFEEXP","TOT","YR","A","1982",59.3,
"ZAF","LIFEEXP","TOT","YR","A","1983",59.8,
"ZAF","LIFEEXP","TOT","YR","A","1984",60.4,
"ZAF","LIFEEXP","TOT","YR","A","1985",61,
"ZAF","LIFEEXP","TOT","YR","A","1986",61.6,
"ZAF","LIFEEXP","TOT","YR","A","1987",62.2,
"ZAF","LIFEEXP","TOT","YR","A","1988",62.7,
"ZAF","LIFEEXP","TOT","YR","A","1989",63.1,
"ZAF","LIFEEXP","TOT","YR","A","1990",63.4,
"ZAF","LIFEEXP","TOT","YR","A","1991",63.5,
"ZAF","LIFEEXP","TOT","YR","A","1992",63.4,
"ZAF","LIFEEXP","TOT","YR","A","1993",63,
"ZAF","LIFEEXP","TOT","YR","A","1994",62.5,
"ZAF","LIFEEXP","TOT","YR","A","1995",61.7,
"ZAF","LIFEEXP","TOT","YR","A","1996",60.7,
"ZAF","LIFEEXP","TOT","YR","A","1997",59.6,
"ZAF","LIFEEXP","TOT","YR","A","1998",58.5,
"ZAF","LIFEEXP","TOT","YR","A","1999",57.3,
"ZAF","LIFEEXP","TOT","YR","A","2000",56.2,
"ZAF","LIFEEXP","TOT","YR","A","2001",55.2,
"ZAF","LIFEEXP","TOT","YR","A","2002",54.4,
"ZAF","LIFEEXP","TOT","YR","A","2003",53.8,
"ZAF","LIFEEXP","TOT","YR","A","2004",53.5,
"ZAF","LIFEEXP","TOT","YR","A","2005",53.5,
"ZAF","LIFEEXP","TOT","YR","A","2006",53.9,
"ZAF","LIFEEXP","TOT","YR","A","2007",54.5,
"ZAF","LIFEEXP","TOT","YR","A","2008",55.4,
"ZAF","LIFEEXP","TOT","YR","A","2009",56.5,
"ZAF","LIFEEXP","TOT","YR","A","2010",57.7,
"ZAF","LIFEEXP","TOT","YR","A","2011",59,
"ZAF","LIFEEXP","TOT","YR","A","2012",60.1,
"ZAF","LIFEEXP","TOT","YR","A","2013",61.2,
"ZAF","LIFEEXP","TOT","YR","A","2014",62,
"ZAF","LIFEEXP","TOT","YR","A","2015",62.7,
"ZAF","LIFEEXP","TOT","YR","A","2016",63.2,
"ZAF","LIFEEXP","TOT","YR","A","2017",63.6,
"ZAF","LIFEEXP","TOT","YR","A","2018",63.9,
"COL","LIFEEXP","TOT","YR","A","1980",66.9,
"COL","LIFEEXP","TOT","YR","A","1981",67.4,
"COL","LIFEEXP","TOT","YR","A","1982",67.8,
"COL","LIFEEXP","TOT","YR","A","1983",68.2,
"COL","LIFEEXP","TOT","YR","A","1984",68.6,
"COL","LIFEEXP","TOT","YR","A","1985",68.9,
"COL","LIFEEXP","TOT","YR","A","1986",69.1,
"COL","LIFEEXP","TOT","YR","A","1987",69.3,
"COL","LIFEEXP","TOT","YR","A","1988",69.5,
"COL","LIFEEXP","TOT","YR","A","1989",69.6,
"COL","LIFEEXP","TOT","YR","A","1990",69.8,
"COL","LIFEEXP","TOT","YR","A","1991",70,
"COL","LIFEEXP","TOT","YR","A","1992",70.2,
"COL","LIFEEXP","TOT","YR","A","1993",70.5,
"COL","LIFEEXP","TOT","YR","A","1994",70.8,
"COL","LIFEEXP","TOT","YR","A","1995",71.1,
"COL","LIFEEXP","TOT","YR","A","1996",71.5,
"COL","LIFEEXP","TOT","YR","A","1997",71.9,
"COL","LIFEEXP","TOT","YR","A","1998",72.3,
"COL","LIFEEXP","TOT","YR","A","1999",72.6,
"COL","LIFEEXP","TOT","YR","A","2000",72.9,
"COL","LIFEEXP","TOT","YR","A","2001",73.2,
"COL","LIFEEXP","TOT","YR","A","2002",73.5,
"COL","LIFEEXP","TOT","YR","A","2003",73.8,
"COL","LIFEEXP","TOT","YR","A","2004",74,
"COL","LIFEEXP","TOT","YR","A","2005",74.3,
"COL","LIFEEXP","TOT","YR","A","2006",74.5,
"COL","LIFEEXP","TOT","YR","A","2007",74.7,
"COL","LIFEEXP","TOT","YR","A","2008",75,
"COL","LIFEEXP","TOT","YR","A","2009",75.2,
"COL","LIFEEXP","TOT","YR","A","2010",75.4,
"COL","LIFEEXP","TOT","YR","A","2011",75.6,
"COL","LIFEEXP","TOT","YR","A","2012",75.9,
"COL","LIFEEXP","TOT","YR","A","2013",76.1,
"COL","LIFEEXP","TOT","YR","A","2014",76.3,
"COL","LIFEEXP","TOT","YR","A","2015",76.5,
"COL","LIFEEXP","TOT","YR","A","2016",76.7,
"COL","LIFEEXP","TOT","YR","A","2017",76.9,
"COL","LIFEEXP","TOT","YR","A","2018",77.1,
"LVA","LIFEEXP","TOT","YR","A","2002",70.1,
"LVA","LIFEEXP","TOT","YR","A","2003",70.5,
"LVA","LIFEEXP","TOT","YR","A","2004",70.8,
"LVA","LIFEEXP","TOT","YR","A","2005",70.6,
"LVA","LIFEEXP","TOT","YR","A","2006",70.6,
"LVA","LIFEEXP","TOT","YR","A","2007",70.8,
"LVA","LIFEEXP","TOT","YR","A","2008",72,
"LVA","LIFEEXP","TOT","YR","A","2009",72.6,
"LVA","LIFEEXP","TOT","YR","A","2010",73,
"LVA","LIFEEXP","TOT","YR","A","2011",73.7,
"LVA","LIFEEXP","TOT","YR","A","2012",73.9,
"LVA","LIFEEXP","TOT","YR","A","2013",74.1,
"LVA","LIFEEXP","TOT","YR","A","2014",74.3,
"LVA","LIFEEXP","TOT","YR","A","2015",74.6,
"LVA","LIFEEXP","TOT","YR","A","2016",74.7,
"LVA","LIFEEXP","TOT","YR","A","2017",74.8,
"LVA","LIFEEXP","TOT","YR","A","2018",74.9,
"LTU","LIFEEXP","TOT","YR","A","1980",70.4,
"LTU","LIFEEXP","TOT","YR","A","1981",70.4,
"LTU","LIFEEXP","TOT","YR","A","1982",70.8,
"LTU","LIFEEXP","TOT","YR","A","1983",70.7,
"LTU","LIFEEXP","TOT","YR","A","1984",70.2,
"LTU","LIFEEXP","TOT","YR","A","1985",70.5,
"LTU","LIFEEXP","TOT","YR","A","1986",72.1,
"LTU","LIFEEXP","TOT","YR","A","1987",72,
"LTU","LIFEEXP","TOT","YR","A","1988",71.9,
"LTU","LIFEEXP","TOT","YR","A","1989",71.6,
"LTU","LIFEEXP","TOT","YR","A","1990",71.4,
"LTU","LIFEEXP","TOT","YR","A","1991",70.6,
"LTU","LIFEEXP","TOT","YR","A","1992",70.4,
"LTU","LIFEEXP","TOT","YR","A","1993",69.1,
"LTU","LIFEEXP","TOT","YR","A","1994",68.7,
"LTU","LIFEEXP","TOT","YR","A","1995",69.2,
"LTU","LIFEEXP","TOT","YR","A","1996",70.3,
"LTU","LIFEEXP","TOT","YR","A","1997",71.1,
"LTU","LIFEEXP","TOT","YR","A","1998",71.4,
"LTU","LIFEEXP","TOT","YR","A","1999",71.7,
"LTU","LIFEEXP","TOT","YR","A","2000",72.1,
"LTU","LIFEEXP","TOT","YR","A","2001",71.7,
"LTU","LIFEEXP","TOT","YR","A","2002",71.8,
"LTU","LIFEEXP","TOT","YR","A","2003",72.1,
"LTU","LIFEEXP","TOT","YR","A","2004",72,
"LTU","LIFEEXP","TOT","YR","A","2005",71.3,
"LTU","LIFEEXP","TOT","YR","A","2006",71.1,
"LTU","LIFEEXP","TOT","YR","A","2007",70.9,
"LTU","LIFEEXP","TOT","YR","A","2008",71.8,
"LTU","LIFEEXP","TOT","YR","A","2009",72.9,
"LTU","LIFEEXP","TOT","YR","A","2010",73.3,
"LTU","LIFEEXP","TOT","YR","A","2011",73.7,
"LTU","LIFEEXP","TOT","YR","A","2012",74,
"LTU","LIFEEXP","TOT","YR","A","2013",74.1,
"LTU","LIFEEXP","TOT","YR","A","2014",74.7,
"LTU","LIFEEXP","TOT","YR","A","2015",74.5,
"LTU","LIFEEXP","TOT","YR","A","2016",74.8,
"LTU","LIFEEXP","TOT","YR","A","2017",75.6,
"LTU","LIFEEXP","TOT","YR","A","2018",75.8,
"CRI","LIFEEXP","TOT","YR","A","1980",72.2,
"CRI","LIFEEXP","TOT","YR","A","1981",72.8,
"CRI","LIFEEXP","TOT","YR","A","1982",73.3,
"CRI","LIFEEXP","TOT","YR","A","1983",73.8,
"CRI","LIFEEXP","TOT","YR","A","1984",74.2,
"CRI","LIFEEXP","TOT","YR","A","1985",74.5,
"CRI","LIFEEXP","TOT","YR","A","1986",74.8,
"CRI","LIFEEXP","TOT","YR","A","1987",75.1,
"CRI","LIFEEXP","TOT","YR","A","1988",75.3,
"CRI","LIFEEXP","TOT","YR","A","1989",75.5,
"CRI","LIFEEXP","TOT","YR","A","1990",75.7,
"CRI","LIFEEXP","TOT","YR","A","1991",75.9,
"CRI","LIFEEXP","TOT","YR","A","1992",76.1,
"CRI","LIFEEXP","TOT","YR","A","1993",76.3,
"CRI","LIFEEXP","TOT","YR","A","1994",76.4,
"CRI","LIFEEXP","TOT","YR","A","1995",76.6,
"CRI","LIFEEXP","TOT","YR","A","1996",76.8,
"CRI","LIFEEXP","TOT","YR","A","1997",77,
"CRI","LIFEEXP","TOT","YR","A","1998",77.2,
"CRI","LIFEEXP","TOT","YR","A","1999",77.3,
"CRI","LIFEEXP","TOT","YR","A","2000",77.5,
"CRI","LIFEEXP","TOT","YR","A","2001",77.6,
"CRI","LIFEEXP","TOT","YR","A","2002",77.8,
"CRI","LIFEEXP","TOT","YR","A","2003",77.9,
"CRI","LIFEEXP","TOT","YR","A","2004",78,
"CRI","LIFEEXP","TOT","YR","A","2005",78.1,
"CRI","LIFEEXP","TOT","YR","A","2006",78.3,
"CRI","LIFEEXP","TOT","YR","A","2007",78.4,
"CRI","LIFEEXP","TOT","YR","A","2008",78.5,
"CRI","LIFEEXP","TOT","YR","A","2009",78.7,
"CRI","LIFEEXP","TOT","YR","A","2010",78.8,
"CRI","LIFEEXP","TOT","YR","A","2011",79.1,
"CRI","LIFEEXP","TOT","YR","A","2012",79.4,
"CRI","LIFEEXP","TOT","YR","A","2013",79.6,
"CRI","LIFEEXP","TOT","YR","A","2014",79.8,
"CRI","LIFEEXP","TOT","YR","A","2015",79.9,
"CRI","LIFEEXP","TOT","YR","A","2016",80.1,
"CRI","LIFEEXP","TOT","YR","A","2017",80.2,
"CRI","LIFEEXP","TOT","YR","A","2018",80.4,
